Date,Country,Cases,Deaths,Population
2022-06-14,Denmark,1159,3,5822763
2022-06-13,Denmark,2427,10,5822763
2022-06-10,Denmark,909,9,5822763
2022-06-09,Denmark,912,3,5822763
2022-06-08,Denmark,906,4,5822763
2022-06-07,Denmark,1987,12,5822763
2022-06-03,Denmark,545,4,5822763
2022-06-02,Denmark,591,4,5822763
2022-06-01,Denmark,646,5,5822763
2022-05-31,Denmark,712,5,5822763
2022-05-30,Denmark,806,8,5822763
2022-05-28,Denmark,468,6,5822763
2022-05-25,Denmark,573,4,5822763
2022-05-24,Denmark,2555,23,5822763
2022-05-19,Denmark,664,8,5822763
2022-05-18,Denmark,744,8,5822763
2022-05-17,Denmark,803,3,5822763
2022-05-16,Denmark,570,6,5822763
2022-05-15,Denmark,488,2,5822763
2022-05-14,Denmark,427,7,5822763
2022-05-13,Denmark,765,7,5822763
2022-05-12,Denmark,742,11,5822763
2022-05-11,Denmark,850,8,5822763
2022-05-10,Denmark,1003,8,5822763
2022-05-09,Denmark,582,6,5822763
2022-05-08,Denmark,575,4,5822763
2022-05-07,Denmark,919,8,5822763
2022-05-06,Denmark,887,8,5822763
2022-05-05,Denmark,872,11,5822763
2022-05-04,Denmark,962,16,5822763
2022-05-03,Denmark,993,8,5822763
2022-05-02,Denmark,780,13,5822763
2022-05-01,Denmark,671,12,5822763
2022-04-30,Denmark,934,9,5822763
2022-04-29,Denmark,940,14,5822763
2022-04-28,Denmark,1088,10,5822763
2022-04-27,Denmark,1207,9,5822763
2022-04-26,Denmark,1484,11,5822763
2022-04-25,Denmark,983,21,5822763
2022-04-24,Denmark,1005,12,5822763
2022-04-23,Denmark,1350,12,5822763
2022-04-22,Denmark,1634,13,5822763
2022-04-21,Denmark,2042,17,5822763
2022-04-20,Denmark,2351,11,5822763
2022-04-19,Denmark,1801,11,5822763
2022-04-18,Denmark,1214,11,5822763
2022-04-17,Denmark,1607,12,5822763
2022-04-16,Denmark,1410,11,5822763
2022-04-15,Denmark,1447,13,5822763
2022-04-14,Denmark,2259,16,5822763
2022-04-13,Denmark,2257,13,5822763
2022-04-12,Denmark,2683,11,5822763
2022-04-11,Denmark,1805,13,5822763
2022-04-10,Denmark,1722,23,5822763
2022-04-09,Denmark,2457,24,5822763
2022-04-08,Denmark,2680,24,5822763
2022-04-07,Denmark,2747,24,5822763
2022-04-06,Denmark,3214,15,5822763
2022-04-05,Denmark,3363,21,5822763
2022-04-04,Denmark,2266,15,5822763
2022-04-03,Denmark,2080,17,5822763
2022-04-02,Denmark,2852,22,5822763
2022-04-01,Denmark,3000,25,5822763
2022-03-31,Denmark,3931,30,5822763
2022-03-30,Denmark,4411,83,5822763
2022-03-29,Denmark,4496,0,5822763
2022-03-28,Denmark,3372,0,5822763
2022-03-27,Denmark,3359,2,5822763
2022-03-26,Denmark,4322,41,5822763
2022-03-25,Denmark,5654,24,5822763
2022-03-24,Denmark,5408,32,5822763
2022-03-23,Denmark,6291,26,5822763
2022-03-22,Denmark,7401,30,5822763
2022-03-21,Denmark,5221,28,5822763
2022-03-20,Denmark,4984,27,5822763
2022-03-19,Denmark,6352,37,5822763
2022-03-18,Denmark,7216,38,5822763
2022-03-17,Denmark,8326,43,5822763
2022-03-16,Denmark,9585,25,5822763
2022-03-15,Denmark,9947,36,5822763
2022-03-14,Denmark,7892,21,5822763
2022-03-13,Denmark,6658,47,5822763
2022-03-12,Denmark,7091,52,5822763
2022-03-11,Denmark,13826,27,5822763
2022-03-10,Denmark,14309,41,5822763
2022-03-09,Denmark,16958,60,5822763
2022-03-08,Denmark,15475,43,5822763
2022-03-07,Denmark,12225,37,5822763
2022-03-06,Denmark,10827,38,5822763
2022-03-05,Denmark,15735,58,5822763
2022-03-04,Denmark,20266,41,5822763
2022-03-02,Denmark,20458,38,5822763
2022-03-01,Denmark,18561,37,5822763
2022-02-28,Denmark,16578,28,5822763
2022-02-27,Denmark,16454,46,5822763
2022-02-26,Denmark,17359,37,5822763
2022-02-25,Denmark,22784,40,5822763
2022-02-24,Denmark,25209,39,5822763
2022-02-23,Denmark,29040,47,5822763
2022-02-22,Denmark,30480,34,5822763
2022-02-21,Denmark,28883,29,5822763
2022-02-20,Denmark,25690,34,5822763
2022-02-19,Denmark,33304,28,5822763
2022-02-18,Denmark,35658,43,5822763
2022-02-17,Denmark,40600,44,5822763
2022-02-16,Denmark,42948,24,5822763
2022-02-15,Denmark,42978,30,5822763
2022-02-14,Denmark,29474,41,5822763
2022-02-13,Denmark,38323,30,5822763
2022-02-12,Denmark,44350,37,5822763
2022-02-11,Denmark,48170,24,5822763
2022-02-10,Denmark,53747,29,5822763
2022-02-09,Denmark,55120,21,5822763
2022-02-08,Denmark,49798,18,5822763
2022-02-07,Denmark,34849,28,5822763
2022-02-06,Denmark,36512,18,5822763
2022-02-05,Denmark,39190,35,5822763
2022-02-04,Denmark,40179,17,5822763
2022-02-03,Denmark,44225,21,5822763
2022-02-02,Denmark,55001,20,5822763
2022-02-01,Denmark,45366,15,5822763
2022-01-31,Denmark,29084,17,5822763
2022-01-30,Denmark,36196,21,5822763
2022-01-29,Denmark,41083,17,5822763
2022-01-28,Denmark,53655,26,5822763
2022-01-27,Denmark,51033,18,5822763
2022-01-26,Denmark,46747,21,5822763
2022-01-25,Denmark,46590,14,5822763
2022-01-24,Denmark,40348,13,5822763
2022-01-23,Denmark,42018,12,5822763
2022-01-22,Denmark,36120,25,5822763
2022-01-21,Denmark,46831,21,5822763
2022-01-20,Denmark,40626,15,5822763
2022-01-19,Denmark,38759,16,5822763
2022-01-18,Denmark,33493,14,5822763
2022-01-17,Denmark,28780,11,5822763
2022-01-16,Denmark,26169,10,5822763
2022-01-15,Denmark,25034,16,5822763
2022-01-14,Denmark,23614,15,5822763
2022-01-13,Denmark,25751,20,5822763
2022-01-12,Denmark,24343,25,5822763
2022-01-11,Denmark,22396,14,5822763
2022-01-10,Denmark,14414,9,5822763
2022-01-08,Denmark,12588,28,5822763
2022-01-07,Denmark,18261,10,5822763
2022-01-06,Denmark,25995,11,5822763
2022-01-05,Denmark,28283,15,5822763
2022-01-04,Denmark,25073,15,5822763
2022-01-03,Denmark,8801,5,5822763
2021-12-31,Denmark,18695,11,5822763
2021-12-30,Denmark,21403,9,5822763
2021-12-29,Denmark,23228,16,5822763
2021-12-28,Denmark,13000,14,5822763
2021-12-27,Denmark,16164,7,5822763
2021-12-24,Denmark,11229,14,5822763
2021-12-23,Denmark,12487,15,5822763
2021-12-22,Denmark,13386,14,5822763
2021-12-21,Denmark,13057,17,5822763
2021-12-20,Denmark,10082,8,5822763
2021-12-19,Denmark,8212,9,5822763
2021-12-18,Denmark,8594,13,5822763
2021-12-17,Denmark,11194,3,5822763
2021-12-16,Denmark,9999,12,5822763
2021-12-15,Denmark,8773,9,5822763
2021-12-14,Denmark,8314,7,5822763
2021-12-13,Denmark,7799,9,5822763
2021-12-12,Denmark,5989,9,5822763
2021-12-11,Denmark,5606,9,5822763
2021-12-10,Denmark,6599,13,5822763
2021-12-09,Denmark,6985,11,5822763
2021-12-08,Denmark,6629,7,5822763
2021-12-07,Denmark,6324,9,5822763
2021-12-06,Denmark,7146,10,5822763
2021-12-05,Denmark,3026,7,5822763
2021-12-04,Denmark,4325,12,5822763
2021-12-03,Denmark,4559,15,5822763
2021-12-02,Denmark,4680,3,5822763
2021-12-01,Denmark,5120,14,5822763
2021-11-30,Denmark,4148,12,5822763
2021-11-29,Denmark,4326,11,5822763
2021-11-28,Denmark,4290,9,5822763
2021-11-27,Denmark,3744,13,5822763
2021-11-26,Denmark,4076,9,5822763
2021-11-25,Denmark,4390,12,5822763
2021-11-24,Denmark,4426,9,5822763
2021-11-23,Denmark,4199,4,5822763
2021-11-22,Denmark,3711,6,5822763
2021-11-21,Denmark,3415,3,5822763
2021-11-20,Denmark,3795,10,5822763
2021-11-19,Denmark,4070,5,5822763
2021-11-18,Denmark,4013,6,5822763
2021-11-17,Denmark,3907,5,5822763
2021-11-16,Denmark,3899,9,5822763
2021-11-15,Denmark,3670,5,5822763
2021-11-14,Denmark,3223,7,5822763
2021-11-13,Denmark,2948,7,5822763
2021-11-12,Denmark,4585,4,5822763
2021-11-11,Denmark,2132,4,5822763
2021-11-10,Denmark,3017,3,5822763
2021-11-09,Denmark,2562,2,5822763
2021-11-08,Denmark,2294,2,5822763
2021-11-07,Denmark,2416,3,5822763
2021-11-06,Denmark,2097,10,5822763
2021-11-05,Denmark,2251,3,5822763
2021-11-04,Denmark,2598,5,5822763
2021-11-03,Denmark,1978,1,5822763
2021-11-02,Denmark,1981,0,5822763
2021-11-01,Denmark,1457,2,5822763
2021-10-31,Denmark,1532,1,5822763
2021-10-30,Denmark,1671,4,5822763
2021-10-29,Denmark,1784,0,5822763
2021-10-28,Denmark,1847,1,5822763
2021-10-27,Denmark,1871,5,5822763
2021-10-26,Denmark,1253,4,5822763
2021-10-25,Denmark,1411,0,5822763
2021-10-24,Denmark,1349,2,5822763
2021-10-23,Denmark,1262,1,5822763
2021-10-22,Denmark,1270,0,5822763
2021-10-21,Denmark,1247,2,5822763
2021-10-20,Denmark,1127,4,5822763
2021-10-19,Denmark,756,2,5822763
2021-10-18,Denmark,752,3,5822763
2021-10-17,Denmark,591,5,5822763
2021-10-16,Denmark,753,1,5822763
2021-10-15,Denmark,700,3,5822763
2021-10-14,Denmark,767,2,5822763
2021-10-13,Denmark,789,0,5822763
2021-10-12,Denmark,587,3,5822763
2021-10-11,Denmark,564,2,5822763
2021-10-10,Denmark,544,0,5822763
2021-10-09,Denmark,618,0,5822763
2021-10-08,Denmark,670,1,5822763
2021-10-07,Denmark,607,3,5822763
2021-10-06,Denmark,573,1,5822763
2021-10-05,Denmark,477,0,5822763
2021-10-04,Denmark,380,1,5822763
2021-10-03,Denmark,368,0,5822763
2021-10-02,Denmark,426,4,5822763
2021-10-01,Denmark,441,3,5822763
2021-09-30,Denmark,427,2,5822763
2021-09-29,Denmark,542,2,5822763
2021-09-28,Denmark,457,6,5822763
2021-09-27,Denmark,333,4,5822763
2021-09-26,Denmark,353,2,5822763
2021-09-25,Denmark,358,0,5822763
2021-09-24,Denmark,382,2,5822763
2021-09-23,Denmark,341,4,5822763
2021-09-22,Denmark,346,1,5822763
2021-09-21,Denmark,344,3,5822763
2021-09-20,Denmark,268,2,5822763
2021-09-19,Denmark,252,3,5822763
2021-09-18,Denmark,325,3,5822763
2021-09-17,Denmark,324,3,5822763
2021-09-16,Denmark,313,2,5822763
2021-09-15,Denmark,370,3,5822763
2021-09-14,Denmark,425,0,5822763
2021-09-13,Denmark,263,3,5822763
2021-09-12,Denmark,434,0,5822763
2021-09-11,Denmark,386,3,5822763
2021-09-10,Denmark,557,4,5822763
2021-09-09,Denmark,591,5,5822763
2021-09-08,Denmark,514,5,5822763
2021-09-07,Denmark,451,2,5822763
2021-09-06,Denmark,461,2,5822763
2021-09-05,Denmark,632,0,5822763
2021-09-04,Denmark,438,3,5822763
2021-09-03,Denmark,697,3,5822763
2021-09-02,Denmark,694,0,5822763
2021-09-01,Denmark,825,0,5822763
2021-08-31,Denmark,843,4,5822763
2021-08-30,Denmark,762,0,5822763
2021-08-29,Denmark,737,3,5822763
2021-08-28,Denmark,877,1,5822763
2021-08-27,Denmark,925,3,5822763
2021-08-26,Denmark,982,2,5822763
2021-08-25,Denmark,987,3,5822763
2021-08-24,Denmark,1340,1,5822763
2021-08-23,Denmark,774,1,5822763
2021-08-22,Denmark,720,2,5822763
2021-08-21,Denmark,1024,1,5822763
2021-08-20,Denmark,923,1,5822763
2021-08-19,Denmark,984,0,5822763
2021-08-18,Denmark,1193,0,5822763
2021-08-17,Denmark,886,2,5822763
2021-08-16,Denmark,959,0,5822763
2021-08-15,Denmark,850,1,5822763
2021-08-14,Denmark,917,1,5822763
2021-08-13,Denmark,1038,3,5822763
2021-08-12,Denmark,1085,1,5822763
2021-08-11,Denmark,1162,0,5822763
2021-08-10,Denmark,1004,2,5822763
2021-08-09,Denmark,935,0,5822763
2021-08-08,Denmark,821,0,5822763
2021-08-07,Denmark,946,0,5822763
2021-08-06,Denmark,865,0,5822763
2021-08-05,Denmark,932,2,5822763
2021-08-04,Denmark,927,0,5822763
2021-08-03,Denmark,810,0,5822763
2021-08-02,Denmark,785,1,5822763
2021-08-01,Denmark,893,0,5822763
2021-07-31,Denmark,739,1,5822763
2021-07-30,Denmark,1085,0,5822763
2021-07-29,Denmark,848,1,5822763
2021-07-28,Denmark,1284,1,5822763
2021-07-27,Denmark,559,3,5822763
2021-07-26,Denmark,772,1,5822763
2021-07-25,Denmark,644,0,5822763
2021-07-24,Denmark,749,0,5822763
2021-07-23,Denmark,707,0,5822763
2021-07-22,Denmark,805,0,5822763
2021-07-21,Denmark,851,0,5822763
2021-07-20,Denmark,820,0,5822763
2021-07-19,Denmark,844,0,5822763
2021-07-18,Denmark,641,0,5822763
2021-07-17,Denmark,1030,1,5822763
2021-07-16,Denmark,960,1,5822763
2021-07-15,Denmark,1141,1,5822763
2021-07-14,Denmark,1202,0,5822763
2021-07-13,Denmark,1055,0,5822763
2021-07-12,Denmark,848,0,5822763
2021-07-11,Denmark,609,0,5822763
2021-07-10,Denmark,520,1,5822763
2021-07-09,Denmark,551,0,5822763
2021-07-08,Denmark,658,0,5822763
2021-07-07,Denmark,689,0,5822763
2021-07-06,Denmark,542,1,5822763
2021-07-05,Denmark,337,0,5822763
2021-07-04,Denmark,392,0,5822763
2021-07-03,Denmark,447,1,5822763
2021-07-02,Denmark,326,1,5822763
2021-07-01,Denmark,475,1,5822763
2021-06-30,Denmark,340,0,5822763
2021-06-29,Denmark,243,1,5822763
2021-06-28,Denmark,151,1,5822763
2021-06-27,Denmark,174,1,5822763
2021-06-26,Denmark,195,0,5822763
2021-06-25,Denmark,222,0,5822763
2021-06-24,Denmark,173,0,5822763
2021-06-23,Denmark,223,0,5822763
2021-06-22,Denmark,155,0,5822763
2021-06-21,Denmark,149,1,5822763
2021-06-20,Denmark,189,0,5822763
2021-06-19,Denmark,243,2,5822763
2021-06-18,Denmark,203,0,5822763
2021-06-17,Denmark,331,1,5822763
2021-06-16,Denmark,353,0,5822763
2021-06-15,Denmark,222,1,5822763
2021-06-14,Denmark,237,1,5822763
2021-06-13,Denmark,315,0,5822763
2021-06-12,Denmark,437,2,5822763
2021-06-11,Denmark,418,1,5822763
2021-06-10,Denmark,475,2,5822763
2021-06-09,Denmark,904,0,5822763
2021-06-08,Denmark,377,0,5822763
2021-06-07,Denmark,459,2,5822763
2021-06-06,Denmark,853,0,5822763
2021-06-05,Denmark,592,1,5822763
2021-06-04,Denmark,927,0,5822763
2021-06-03,Denmark,1028,1,5822763
2021-06-02,Denmark,954,0,5822763
2021-06-01,Denmark,908,0,5822763
2021-05-31,Denmark,844,0,5822763
2021-05-30,Denmark,949,0,5822763
2021-05-29,Denmark,1038,4,5822763
2021-05-28,Denmark,997,1,5822763
2021-05-27,Denmark,1119,0,5822763
2021-05-26,Denmark,1073,1,5822763
2021-05-25,Denmark,794,1,5822763
2021-05-24,Denmark,919,1,5822763
2021-05-23,Denmark,835,1,5822763
2021-05-22,Denmark,751,1,5822763
2021-05-21,Denmark,1351,0,5822763
2021-05-20,Denmark,1214,1,5822763
2021-05-19,Denmark,1088,2,5822763
2021-05-18,Denmark,916,0,5822763
2021-05-17,Denmark,836,1,5822763
2021-05-16,Denmark,964,0,5822763
2021-05-15,Denmark,1074,3,5822763
2021-05-14,Denmark,951,0,5822763
2021-05-13,Denmark,1355,0,5822763
2021-05-12,Denmark,1246,0,5822763
2021-05-11,Denmark,925,2,5822763
2021-05-10,Denmark,932,0,5822763
2021-05-09,Denmark,874,0,5822763
2021-05-08,Denmark,677,2,5822763
2021-05-07,Denmark,1023,2,5822763
2021-05-06,Denmark,1012,1,5822763
2021-05-05,Denmark,988,1,5822763
2021-05-04,Denmark,809,1,5822763
2021-05-03,Denmark,761,0,5822763
2021-05-02,Denmark,867,1,5822763
2021-05-01,Denmark,617,4,5822763
2021-04-30,Denmark,874,2,5822763
2021-04-29,Denmark,769,2,5822763
2021-04-28,Denmark,835,2,5822763
2021-04-27,Denmark,624,2,5822763
2021-04-26,Denmark,704,2,5822763
2021-04-25,Denmark,612,1,5822763
2021-04-24,Denmark,547,2,5822763
2021-04-23,Denmark,702,5,5822763
2021-04-22,Denmark,893,2,5822763
2021-04-21,Denmark,803,2,5822763
2021-04-20,Denmark,691,4,5822763
2021-04-19,Denmark,741,4,5822763
2021-04-18,Denmark,902,3,5822763
2021-04-17,Denmark,724,0,5822763
2021-04-16,Denmark,677,3,5822763
2021-04-15,Denmark,798,2,5822763
2021-04-14,Denmark,663,1,5822763
2021-04-13,Denmark,563,3,5822763
2021-04-12,Denmark,514,2,5822763
2021-04-11,Denmark,691,2,5822763
2021-04-10,Denmark,755,3,5822763
2021-04-09,Denmark,698,0,5822763
2021-04-08,Denmark,717,1,5822763
2021-04-07,Denmark,614,3,5822763
2021-04-06,Denmark,520,2,5822763
2021-04-05,Denmark,479,1,5822763
2021-04-04,Denmark,600,1,5822763
2021-04-03,Denmark,745,4,5822763
2021-04-02,Denmark,708,1,5822763
2021-04-01,Denmark,662,4,5822763
2021-03-31,Denmark,701,2,5822763
2021-03-30,Denmark,1210,2,5822763
2021-03-29,Denmark,679,1,5822763
2021-03-28,Denmark,964,1,5822763
2021-03-27,Denmark,416,2,5822763
2021-03-26,Denmark,789,2,5822763
2021-03-25,Denmark,814,5,5822763
2021-03-24,Denmark,-2001,1,5822763
2021-03-23,Denmark,754,1,5822763
2021-03-22,Denmark,772,2,5822763
2021-03-21,Denmark,657,1,5822763
2021-03-20,Denmark,590,2,5822763
2021-03-19,Denmark,843,0,5822763
2021-03-18,Denmark,786,1,5822763
2021-03-17,Denmark,787,1,5822763
2021-03-16,Denmark,771,2,5822763
2021-03-15,Denmark,612,2,5822763
2021-03-14,Denmark,541,1,5822763
2021-03-13,Denmark,613,3,5822763
2021-03-12,Denmark,645,3,5822763
2021-03-11,Denmark,862,2,5822763
2021-03-10,Denmark,2007,1,5822763
2021-03-09,Denmark,527,0,5822763
2021-03-08,Denmark,425,2,5822763
2021-03-07,Denmark,513,2,5822763
2021-03-06,Denmark,394,0,5822763
2021-03-05,Denmark,614,3,5822763
2021-03-04,Denmark,520,4,5822763
2021-03-03,Denmark,574,3,5822763
2021-03-02,Denmark,532,2,5822763
2021-03-01,Denmark,497,4,5822763
2021-02-28,Denmark,463,3,5822763
2021-02-27,Denmark,520,5,5822763
2021-02-26,Denmark,530,2,5822763
2021-02-25,Denmark,603,6,5822763
2021-02-24,Denmark,523,2,5822763
2021-02-23,Denmark,529,0,5822763
2021-02-22,Denmark,450,5,5822763
2021-02-21,Denmark,496,5,5822763
2021-02-20,Denmark,464,6,5822763
2021-02-19,Denmark,552,8,5822763
2021-02-18,Denmark,468,3,5822763
2021-02-17,Denmark,414,8,5822763
2021-02-16,Denmark,384,7,5822763
2021-02-15,Denmark,437,9,5822763
2021-02-14,Denmark,295,8,5822763
2021-02-13,Denmark,274,4,5822763
2021-02-12,Denmark,428,11,5822763
2021-02-11,Denmark,478,14,5822763
2021-02-10,Denmark,470,11,5822763
2021-02-09,Denmark,366,28,5822763
2021-02-08,Denmark,430,0,5822763
2021-02-07,Denmark,435,1,5822763
2021-02-06,Denmark,413,14,5822763
2021-02-05,Denmark,438,17,5822763
2021-02-04,Denmark,553,14,5822763
2021-02-03,Denmark,425,10,5822763
2021-02-02,Denmark,397,15,5822763
2021-02-01,Denmark,488,20,5822763
2021-01-31,Denmark,377,19,5822763
2021-01-30,Denmark,431,22,5822763
2021-01-29,Denmark,456,13,5822763
2021-01-28,Denmark,668,21,5822763
2021-01-27,Denmark,592,20,5822763
2021-01-26,Denmark,652,20,5822763
2021-01-25,Denmark,625,27,5822763
2021-01-24,Denmark,754,14,5822763
2021-01-23,Denmark,879,28,5822763
2021-01-22,Denmark,773,32,5822763
2021-01-21,Denmark,760,37,5822763
2021-01-20,Denmark,886,35,5822763
2021-01-19,Denmark,724,32,5822763
2021-01-18,Denmark,807,30,5822763
2021-01-17,Denmark,889,28,5822763
2021-01-16,Denmark,879,27,5822763
2021-01-15,Denmark,659,17,5822763
2021-01-14,Denmark,1502,43,5822763
2021-01-13,Denmark,1358,37,5822763
2021-01-12,Denmark,1076,26,5822763
2021-01-11,Denmark,1239,27,5822763
2021-01-10,Denmark,1246,28,5822763
2021-01-09,Denmark,1743,25,5822763
2021-01-08,Denmark,1660,30,5822763
2021-01-07,Denmark,1842,37,5822763
2021-01-06,Denmark,2216,30,5822763
2021-01-05,Denmark,1992,31,5822763
2021-01-04,Denmark,2076,15,5822763
2021-01-03,Denmark,1170,29,5822763
2021-01-02,Denmark,1611,23,5822763
2021-01-01,Denmark,2451,24,5822763
2020-12-31,Denmark,2249,42,5822763
2020-12-30,Denmark,2783,30,5822763
2020-12-29,Denmark,2621,22,5822763
2020-12-28,Denmark,2479,30,5822763
2020-12-27,Denmark,2180,21,5822763
2020-12-26,Denmark,1834,19,5822763
2020-12-25,Denmark,2992,20,5822763
2020-12-24,Denmark,2869,18,5822763
2020-12-23,Denmark,3297,26,5822763
2020-12-22,Denmark,2543,17,5822763
2020-12-21,Denmark,3198,18,5822763
2020-12-20,Denmark,2828,16,5822763
2020-12-19,Denmark,3285,12,5822763
2020-12-18,Denmark,4508,15,5822763
2020-12-17,Denmark,4034,17,5822763
2020-12-16,Denmark,3692,14,5822763
2020-12-15,Denmark,2992,11,5822763
2020-12-14,Denmark,3337,9,5822763
2020-12-13,Denmark,2642,6,5822763
2020-12-12,Denmark,3552,8,5822763
2020-12-11,Denmark,3075,9,5822763
2020-12-10,Denmark,3132,14,5822763
2020-12-09,Denmark,2558,3,5822763
2020-12-08,Denmark,2150,7,5822763
2020-12-07,Denmark,2046,9,5822763
2020-12-06,Denmark,1745,7,5822763
2020-12-05,Denmark,2115,11,5822763
2020-12-04,Denmark,1603,9,5822763
2020-12-03,Denmark,1605,6,5822763
2020-12-02,Denmark,1586,6,5822763
2020-12-01,Denmark,1468,9,5822763
2020-11-30,Denmark,1129,8,5822763
2020-11-29,Denmark,998,6,5822763
2020-11-28,Denmark,1636,7,5822763
2020-11-27,Denmark,1323,5,5822763
2020-11-26,Denmark,1191,9,5822763
2020-11-25,Denmark,1183,5,5822763
2020-11-24,Denmark,1367,8,5822763
2020-11-23,Denmark,1169,5,5822763
2020-11-22,Denmark,850,3,5822763
2020-11-21,Denmark,1273,3,5822763
2020-11-20,Denmark,1257,5,5822763
2020-11-19,Denmark,1297,3,5822763
2020-11-18,Denmark,1257,2,5822763
2020-11-17,Denmark,1220,4,5822763
2020-11-16,Denmark,1195,4,5822763
2020-11-15,Denmark,1058,3,5822763
2020-11-14,Denmark,1078,1,5822763
2020-11-13,Denmark,1037,1,5822763
2020-11-12,Denmark,1011,2,5822763
2020-11-11,Denmark,994,3,5822763
2020-11-10,Denmark,1066,3,5822763
2020-11-09,Denmark,771,4,5822763
2020-11-08,Denmark,891,3,5822763
2020-11-07,Denmark,1050,2,5822763
2020-11-06,Denmark,1427,5,5822763
2020-11-05,Denmark,1223,4,5822763
2020-11-04,Denmark,936,1,5822763
2020-11-03,Denmark,1353,4,5822763
2020-11-02,Denmark,942,1,5822763
2020-11-01,Denmark,948,2,5822763
2020-10-31,Denmark,1126,2,5822763
2020-10-30,Denmark,1191,3,5822763
2020-10-29,Denmark,860,1,5822763
2020-10-28,Denmark,1017,6,5822763
2020-10-27,Denmark,745,1,5822763
2020-10-26,Denmark,1056,6,5822763
2020-10-25,Denmark,945,2,5822763
2020-10-24,Denmark,789,3,5822763
2020-10-23,Denmark,859,3,5822763
2020-10-22,Denmark,760,4,5822763
2020-10-21,Denmark,630,2,5822763
2020-10-20,Denmark,529,2,5822763
2020-10-19,Denmark,452,6,5822763
2020-10-18,Denmark,451,1,5822763
2020-10-17,Denmark,500,2,5822763
2020-10-16,Denmark,418,0,5822763
2020-10-15,Denmark,430,2,5822763
2020-10-14,Denmark,492,1,5822763
2020-10-13,Denmark,290,3,5822763
2020-10-12,Denmark,389,2,5822763
2020-10-11,Denmark,340,2,5822763
2020-10-10,Denmark,444,2,5822763
2020-10-09,Denmark,482,0,5822763
2020-10-08,Denmark,446,2,5822763
2020-10-07,Denmark,331,0,5822763
2020-10-06,Denmark,322,4,5822763
2020-10-05,Denmark,377,1,5822763
2020-10-04,Denmark,378,4,5822763
2020-10-03,Denmark,370,2,5822763
2020-10-02,Denmark,536,1,5822763
2020-10-01,Denmark,398,1,5822763
2020-09-30,Denmark,534,0,5822763
2020-09-29,Denmark,392,1,5822763
2020-09-28,Denmark,435,0,5822763
2020-09-27,Denmark,424,1,5822763
2020-09-26,Denmark,619,1,5822763
2020-09-25,Denmark,678,2,5822763
2020-09-24,Denmark,559,2,5822763
2020-09-23,Denmark,558,2,5822763
2020-09-22,Denmark,476,1,5822763
2020-09-21,Denmark,418,2,5822763
2020-09-20,Denmark,469,3,5822763
2020-09-19,Denmark,589,0,5822763
2020-09-18,Denmark,454,0,5822763
2020-09-17,Denmark,453,1,5822763
2020-09-16,Denmark,369,1,5822763
2020-09-15,Denmark,334,0,5822763
2020-09-14,Denmark,347,2,5822763
2020-09-13,Denmark,333,1,5822763
2020-09-12,Denmark,341,1,5822763
2020-09-11,Denmark,292,0,5822763
2020-09-10,Denmark,317,1,5822763
2020-09-09,Denmark,251,0,5822763
2020-09-08,Denmark,243,0,5822763
2020-09-07,Denmark,230,1,5822763
2020-09-06,Denmark,147,0,5822763
2020-09-05,Denmark,189,0,5822763
2020-09-04,Denmark,173,1,5822763
2020-09-03,Denmark,179,0,5822763
2020-09-02,Denmark,111,1,5822763
2020-09-01,Denmark,99,1,5822763
2020-08-31,Denmark,94,0,5822763
2020-08-30,Denmark,112,0,5822763
2020-08-29,Denmark,79,0,5822763
2020-08-28,Denmark,73,0,5822763
2020-08-27,Denmark,90,1,5822763
2020-08-26,Denmark,57,0,5822763
2020-08-25,Denmark,83,0,5822763
2020-08-24,Denmark,80,1,5822763
2020-08-23,Denmark,78,0,5822763
2020-08-22,Denmark,112,1,5822763
2020-08-21,Denmark,71,0,5822763
2020-08-20,Denmark,116,0,5822763
2020-08-19,Denmark,85,0,5822763
2020-08-18,Denmark,115,0,5822763
2020-08-17,Denmark,123,0,5822763
2020-08-16,Denmark,134,0,5822763
2020-08-15,Denmark,104,0,5822763
2020-08-14,Denmark,165,0,5822763
2020-08-13,Denmark,144,0,5822763
2020-08-12,Denmark,111,0,5822763
2020-08-11,Denmark,144,1,5822763
2020-08-10,Denmark,373,3,5822763
2020-08-09,Denmark,0,0,5822763
2020-08-08,Denmark,0,0,5822763
2020-08-07,Denmark,136,0,5822763
2020-08-06,Denmark,121,1,5822763
2020-08-05,Denmark,112,0,5822763
2020-08-04,Denmark,77,0,5822763
2020-08-03,Denmark,207,1,5822763
2020-08-02,Denmark,0,0,5822763
2020-08-01,Denmark,0,0,5822763
2020-07-31,Denmark,64,0,5822763
2020-07-30,Denmark,91,1,5822763
2020-07-29,Denmark,57,1,5822763
2020-07-28,Denmark,30,0,5822763
2020-07-27,Denmark,109,0,5822763
2020-07-26,Denmark,0,0,5822763
2020-07-25,Denmark,0,0,5822763
2020-07-24,Denmark,46,1,5822763
2020-07-23,Denmark,42,1,5822763
2020-07-22,Denmark,48,0,5822763
2020-07-21,Denmark,40,0,5822763
2020-07-20,Denmark,89,0,5822763
2020-07-19,Denmark,0,0,5822763
2020-07-18,Denmark,0,0,5822763
2020-07-17,Denmark,49,1,5822763
2020-07-16,Denmark,32,0,5822763
2020-07-15,Denmark,31,0,5822763
2020-07-14,Denmark,24,0,5822763
2020-07-13,Denmark,91,1,5822763
2020-07-12,Denmark,0,0,5822763
2020-07-11,Denmark,0,0,5822763
2020-07-10,Denmark,30,0,5822763
2020-07-09,Denmark,16,0,5822763
2020-07-08,Denmark,12,0,5822763
2020-07-07,Denmark,10,2,5822763
2020-07-06,Denmark,46,1,5822763
2020-07-05,Denmark,0,0,5822763
2020-07-04,Denmark,0,0,5822763
2020-07-03,Denmark,17,0,5822763
2020-07-02,Denmark,21,0,5822763
2020-07-01,Denmark,26,1,5822763
2020-06-30,Denmark,17,0,5822763
2020-06-29,Denmark,76,1,5822763
2020-06-28,Denmark,0,0,5822763
2020-06-27,Denmark,0,0,5822763
2020-06-26,Denmark,39,1,5822763
2020-06-25,Denmark,21,0,5822763
2020-06-24,Denmark,54,0,5822763
2020-06-23,Denmark,34,1,5822763
2020-06-22,Denmark,136,2,5822763
2020-06-21,Denmark,0,0,5822763
2020-06-20,Denmark,0,0,5822763
2020-06-19,Denmark,47,0,5822763
2020-06-18,Denmark,50,2,5822763
2020-06-17,Denmark,44,0,5822763
2020-06-16,Denmark,33,0,5822763
2020-06-15,Denmark,24,1,5822763
2020-06-14,Denmark,54,0,5822763
2020-06-13,Denmark,40,3,5822763
2020-06-12,Denmark,64,1,5822763
2020-06-11,Denmark,19,0,5822763
2020-06-10,Denmark,15,0,5822763
2020-06-09,Denmark,39,0,5822763
2020-06-08,Denmark,14,4,5822763
2020-06-07,Denmark,24,2,5822763
2020-06-06,Denmark,49,1,5822763
2020-06-05,Denmark,64,4,5822763
2020-06-04,Denmark,40,2,5822763
2020-06-03,Denmark,37,0,5822763
2020-06-02,Denmark,35,4,5822763
2020-06-01,Denmark,30,2,5822763
2020-05-31,Denmark,36,3,5822763
2020-05-30,Denmark,40,3,5822763
2020-05-29,Denmark,81,0,5822763
2020-05-28,Denmark,32,3,5822763
2020-05-27,Denmark,52,2,5822763
2020-05-26,Denmark,41,0,5822763
2020-05-25,Denmark,27,1,5822763
2020-05-24,Denmark,71,1,5822763
2020-05-23,Denmark,59,0,5822763
2020-05-22,Denmark,48,0,5822763
2020-05-21,Denmark,65,7,5822763
2020-05-20,Denmark,73,3,5822763
2020-05-19,Denmark,76,3,5822763
2020-05-18,Denmark,41,1,5822763
2020-05-17,Denmark,69,4,5822763
2020-05-16,Denmark,67,6,5822763
2020-05-15,Denmark,78,0,5822763
2020-05-14,Denmark,46,4,5822763
2020-05-13,Denmark,76,6,5822763
2020-05-12,Denmark,78,,5822763
2020-05-11,Denmark,84,4,5822763
2020-05-10,Denmark,0,0,5822763
2020-05-09,Denmark,0,0,5822763
2020-05-08,Denmark,0,0,5822763
2020-05-07,Denmark,0,0,5822763
2020-05-06,Denmark,0,0,5822763
2020-05-05,Denmark,0,0,5822763
2020-05-04,Denmark,0,0,5822763
2020-05-03,Denmark,0,0,5822763
2020-05-02,Denmark,0,0,5822763
2020-05-01,Denmark,0,0,5822763
2020-04-30,Denmark,0,0,5822763
2020-04-29,Denmark,0,0,5822763
2020-04-28,Denmark,0,0,5822763
2020-04-27,Denmark,0,0,5822763
2020-04-26,Denmark,0,0,5822763
2020-04-25,Denmark,0,0,5822763
2020-04-24,Denmark,0,0,5822763
2020-04-23,Denmark,0,0,5822763
2020-04-22,Denmark,0,0,5822763
2020-04-21,Denmark,0,0,5822763
2020-04-20,Denmark,0,0,5822763
2020-04-19,Denmark,0,0,5822763
2020-04-18,Denmark,0,0,5822763
2020-04-17,Denmark,0,0,5822763
2020-04-16,Denmark,0,0,5822763
2020-04-15,Denmark,0,0,5822763
2020-04-14,Denmark,0,0,5822763
2020-04-13,Denmark,0,0,5822763
2020-04-12,Denmark,0,0,5822763
2020-04-11,Denmark,0,0,5822763
2020-04-10,Denmark,0,0,5822763
2020-04-09,Denmark,0,0,5822763
2020-04-08,Denmark,0,0,5822763
2020-04-07,Denmark,0,0,5822763
2020-04-06,Denmark,0,0,5822763
2020-04-05,Denmark,0,0,5822763
2020-04-04,Denmark,0,0,5822763
2020-04-03,Denmark,0,0,5822763
2020-04-02,Denmark,0,0,5822763
2020-04-01,Denmark,282,22,5822763
2020-03-31,Denmark,255,15,5822763
2020-03-30,Denmark,313,11,5822763
2020-03-29,Denmark,128,8,5822763
2020-03-28,Denmark,200,9,5822763
2020-03-27,Denmark,217,12,5822763
2020-03-26,Denmark,171,12,5822763
2020-03-25,Denmark,151,6,5822763
2020-03-24,Denmark,139,6,5822763
2020-03-23,Denmark,132,6,5822763
2020-03-22,Denmark,62,3,5822763
2020-03-21,Denmark,48,3,5822763
2020-03-20,Denmark,103,4,5822763
2020-03-19,Denmark,107,5,5822763
2020-03-18,Denmark,83,4,5822763
2020-03-17,Denmark,76,1,5822763
2020-03-16,Denmark,74,1,5822763
2020-03-15,Denmark,45,2,5822763
2020-03-14,Denmark,37,1,5822763
2020-03-13,Denmark,33,0,5822763
2020-03-12,Denmark,44,0,5822763
2020-03-11,Denmark,207,1,5822763
2020-03-10,Denmark,256,0,5822763
2020-03-09,Denmark,210,0,5822763
2020-03-08,Denmark,48,0,5822763
2020-03-07,Denmark,9,0,5822763
2020-03-06,Denmark,2,0,5822763
2020-03-05,Denmark,10,0,5822763
2020-03-04,Denmark,3,0,5822763
2020-03-03,Denmark,5,0,5822763
2020-03-02,Denmark,4,0,5822763
2020-03-01,Denmark,1,0,5822763
2020-02-28,Denmark,1,0,5822763
2020-02-27,Denmark,1,0,5822763
2020-02-26,Denmark,1,0,5822763
2022-06-14,Norway,,0,5367580
2022-06-13,Norway,264,0,5367580
2022-06-12,Norway,110,0,5367580
2022-06-11,Norway,109,0,5367580
2022-06-10,Norway,398,0,5367580
2022-06-09,Norway,381,0,5367580
2022-06-08,Norway,418,38,5367580
2022-06-07,Norway,512,0,5367580
2022-06-06,Norway,121,0,5367580
2022-06-05,Norway,75,0,5367580
2022-06-04,Norway,93,0,5367580
2022-06-03,Norway,304,0,5367580
2022-06-02,Norway,296,0,5367580
2022-06-01,Norway,315,31,5367580
2022-05-31,Norway,298,0,5367580
2022-05-30,Norway,473,0,5367580
2022-05-29,Norway,81,0,5367580
2022-05-28,Norway,76,0,5367580
2022-05-27,Norway,330,0,5367580
2022-05-26,Norway,78,0,5367580
2022-05-25,Norway,302,47,5367580
2022-05-24,Norway,285,0,5367580
2022-05-23,Norway,423,0,5367580
2022-05-22,Norway,73,0,5367580
2022-05-21,Norway,89,0,5367580
2022-05-20,Norway,294,0,5367580
2022-05-19,Norway,284,33,5367580
2022-05-18,Norway,370,0,5367580
2022-05-17,Norway,44,0,5367580
2022-05-16,Norway,397,0,5367580
2022-05-15,Norway,63,0,5367580
2022-05-14,Norway,86,0,5367580
2022-05-13,Norway,291,0,5367580
2022-05-12,Norway,277,0,5367580
2022-05-11,Norway,307,55,5367580
2022-05-10,Norway,291,0,5367580
2022-05-09,Norway,459,0,5367580
2022-05-08,Norway,86,0,5367580
2022-05-07,Norway,89,0,5367580
2022-05-06,Norway,319,0,5367580
2022-05-05,Norway,285,0,5367580
2022-05-04,Norway,298,74,5367580
2022-05-03,Norway,333,0,5367580
2022-05-02,Norway,465,0,5367580
2022-05-01,Norway,86,0,5367580
2022-04-30,Norway,107,0,5367580
2022-04-29,Norway,344,0,5367580
2022-04-28,Norway,339,0,5367580
2022-04-27,Norway,409,61,5367580
2022-04-26,Norway,351,0,5367580
2022-04-25,Norway,620,0,5367580
2022-04-24,Norway,134,0,5367580
2022-04-23,Norway,157,0,5367580
2022-04-22,Norway,549,0,5367580
2022-04-21,Norway,570,0,5367580
2022-04-20,Norway,752,88,5367580
2022-04-19,Norway,1140,0,5367580
2022-04-18,Norway,473,0,5367580
2022-04-17,Norway,219,0,5367580
2022-04-16,Norway,348,0,5367580
2022-04-15,Norway,324,0,5367580
2022-04-14,Norway,303,0,5367580
2022-04-13,Norway,564,116,5367580
2022-04-12,Norway,728,0,5367580
2022-04-11,Norway,1159,0,5367580
2022-04-10,Norway,331,0,5367580
2022-04-09,Norway,390,0,5367580
2022-04-08,Norway,947,0,5367580
2022-04-07,Norway,913,0,5367580
2022-04-06,Norway,1221,149,5367580
2022-04-05,Norway,1251,0,5367580
2022-04-04,Norway,1839,0,5367580
2022-04-03,Norway,510,0,5367580
2022-04-02,Norway,549,0,5367580
2022-04-01,Norway,1434,0,5367580
2022-03-31,Norway,1458,0,5367580
2022-03-30,Norway,1968,179,5367580
2022-03-29,Norway,1743,0,5367580
2022-03-28,Norway,2846,0,5367580
2022-03-27,Norway,816,0,5367580
2022-03-26,Norway,987,0,5367580
2022-03-25,Norway,2291,0,5367580
2022-03-24,Norway,2495,0,5367580
2022-03-23,Norway,3245,0,5367580
2022-03-22,Norway,3003,170,5367580
2022-03-21,Norway,4697,0,5367580
2022-03-20,Norway,1289,0,5367580
2022-03-19,Norway,1576,0,5367580
2022-03-18,Norway,3466,0,5367580
2022-03-17,Norway,3777,346,5367580
2022-03-16,Norway,4567,72,5367580
2022-03-15,Norway,4627,0,5367580
2022-03-14,Norway,7377,0,5367580
2022-03-13,Norway,2256,0,5367580
2022-03-12,Norway,2207,0,5367580
2022-03-11,Norway,5385,-1,5367580
2022-03-10,Norway,5846,0,5367580
2022-03-09,Norway,7188,88,5367580
2022-03-08,Norway,7558,0,5367580
2022-03-07,Norway,11621,0,5367580
2022-03-06,Norway,3397,0,5367580
2022-03-05,Norway,3722,0,5367580
2022-03-04,Norway,8290,0,5367580
2022-03-03,Norway,8896,0,5367580
2022-03-02,Norway,11102,66,5367580
2022-03-01,Norway,12467,0,5367580
2022-02-28,Norway,17547,0,5367580
2022-02-27,Norway,6188,0,5367580
2022-02-26,Norway,6209,0,5367580
2022-02-25,Norway,14545,0,5367580
2022-02-24,Norway,15341,0,5367580
2022-02-23,Norway,18140,49,5367580
2022-02-22,Norway,18336,0,5367580
2022-02-21,Norway,22217,1,5367580
2022-02-20,Norway,7536,0,5367580
2022-02-19,Norway,7700,0,5367580
2022-02-18,Norway,15700,0,5367580
2022-02-17,Norway,15827,0,5367580
2022-02-16,Norway,17191,35,5367580
2022-02-15,Norway,16667,0,5367580
2022-02-14,Norway,20271,0,5367580
2022-02-13,Norway,7832,0,5367580
2022-02-12,Norway,9193,0,5367580
2022-02-11,Norway,20538,0,5367580
2022-02-10,Norway,21934,1,5367580
2022-02-09,Norway,24017,46,5367580
2022-02-08,Norway,25520,0,5367580
2022-02-07,Norway,29479,0,5367580
2022-02-06,Norway,11101,0,5367580
2022-02-05,Norway,10968,0,5367580
2022-02-04,Norway,17422,0,5367580
2022-02-03,Norway,17534,0,5367580
2022-02-02,Norway,20358,26,5367580
2022-02-01,Norway,23471,0,5367580
2022-01-31,Norway,27867,1,5367580
2022-01-30,Norway,11548,0,5367580
2022-01-29,Norway,10780,0,5367580
2022-01-28,Norway,19003,0,5367580
2022-01-27,Norway,20094,0,5367580
2022-01-26,Norway,22090,23,5367580
2022-01-25,Norway,23591,2,5367580
2022-01-24,Norway,28365,0,5367580
2022-01-23,Norway,12868,0,5367580
2022-01-22,Norway,12269,0,5367580
2022-01-21,Norway,18559,1,5367580
2022-01-20,Norway,18280,1,5367580
2022-01-19,Norway,18156,29,5367580
2022-01-18,Norway,18541,1,5367580
2022-01-17,Norway,20822,1,5367580
2022-01-16,Norway,8643,0,5367580
2022-01-15,Norway,7748,0,5367580
2022-01-14,Norway,11350,0,5367580
2022-01-13,Norway,10884,9,5367580
2022-01-12,Norway,11123,22,5367580
2022-01-11,Norway,10915,0,5367580
2022-01-10,Norway,12139,0,5367580
2022-01-09,Norway,5178,0,5367580
2022-01-08,Norway,4435,0,5367580
2022-01-07,Norway,6376,1,5367580
2022-01-06,Norway,6219,0,5367580
2022-01-05,Norway,7047,42,5367580
2022-01-04,Norway,8016,2,5367580
2022-01-03,Norway,9146,0,5367580
2022-01-02,Norway,4056,0,5367580
2022-01-01,Norway,2592,0,5367580
2021-12-31,Norway,2830,98,5367580
2021-12-30,Norway,4193,0,5367580
2021-12-29,Norway,4172,0,5367580
2021-12-28,Norway,4017,0,5367580
2021-12-27,Norway,4797,0,5367580
2021-12-26,Norway,2431,0,5367580
2021-12-25,Norway,2026,0,5367580
2021-12-24,Norway,1781,0,5367580
2021-12-23,Norway,3353,0,5367580
2021-12-22,Norway,3690,0,5367580
2021-12-21,Norway,4173,0,5367580
2021-12-20,Norway,5365,3,5367580
2021-12-19,Norway,2605,0,5367580
2021-12-18,Norway,2747,0,5367580
2021-12-17,Norway,4252,2,5367580
2021-12-16,Norway,4655,0,5367580
2021-12-15,Norway,5021,61,5367580
2021-12-14,Norway,5200,5,5367580
2021-12-13,Norway,6646,0,5367580
2021-12-12,Norway,3212,0,5367580
2021-12-11,Norway,3166,0,5367580
2021-12-10,Norway,5183,1,5367580
2021-12-09,Norway,5301,1,5367580
2021-12-08,Norway,5308,38,5367580
2021-12-07,Norway,5517,0,5367580
2021-12-06,Norway,6473,3,5367580
2021-12-05,Norway,2898,0,5367580
2021-12-04,Norway,2680,0,5367580
2021-12-03,Norway,4293,0,5367580
2021-12-02,Norway,4185,1,5367580
2021-12-01,Norway,4073,38,5367580
2021-11-30,Norway,3787,4,5367580
2021-11-29,Norway,4687,0,5367580
2021-11-28,Norway,1845,0,5367580
2021-11-27,Norway,1796,0,5367580
2021-11-26,Norway,2728,0,5367580
2021-11-25,Norway,2822,1,5367580
2021-11-24,Norway,2939,46,5367580
2021-11-23,Norway,2800,1,5367580
2021-11-22,Norway,3534,6,5367580
2021-11-21,Norway,1351,0,5367580
2021-11-20,Norway,1378,0,5367580
2021-11-19,Norway,2222,0,5367580
2021-11-18,Norway,2335,1,5367580
2021-11-17,Norway,2434,43,5367580
2021-11-16,Norway,2139,3,5367580
2021-11-15,Norway,2861,0,5367580
2021-11-14,Norway,1061,0,5367580
2021-11-13,Norway,1088,0,5367580
2021-11-12,Norway,1791,1,5367580
2021-11-11,Norway,1773,1,5367580
2021-11-10,Norway,1966,23,5367580
2021-11-09,Norway,1753,3,5367580
2021-11-08,Norway,2390,-1,5367580
2021-11-07,Norway,958,0,5367580
2021-11-06,Norway,885,0,5367580
2021-11-05,Norway,1457,2,5367580
2021-11-04,Norway,1498,1,5367580
2021-11-03,Norway,1651,17,5367580
2021-11-02,Norway,1415,0,5367580
2021-11-01,Norway,1975,2,5367580
2021-10-31,Norway,687,0,5367580
2021-10-30,Norway,605,0,5367580
2021-10-29,Norway,1179,0,5367580
2021-10-28,Norway,1143,0,5367580
2021-10-27,Norway,1114,5,5367580
2021-10-26,Norway,1055,1,5367580
2021-10-25,Norway,1224,0,5367580
2021-10-24,Norway,502,0,5367580
2021-10-23,Norway,463,0,5367580
2021-10-22,Norway,752,1,5367580
2021-10-21,Norway,645,0,5367580
2021-10-20,Norway,715,9,5367580
2021-10-19,Norway,580,0,5367580
2021-10-18,Norway,746,0,5367580
2021-10-17,Norway,259,0,5367580
2021-10-16,Norway,290,0,5367580
2021-10-15,Norway,448,0,5367580
2021-10-14,Norway,375,0,5367580
2021-10-13,Norway,386,13,5367580
2021-10-12,Norway,459,0,5367580
2021-10-11,Norway,616,0,5367580
2021-10-10,Norway,243,0,5367580
2021-10-09,Norway,238,0,5367580
2021-10-08,Norway,446,0,5367580
2021-10-07,Norway,449,1,5367580
2021-10-06,Norway,492,9,5367580
2021-10-05,Norway,486,0,5367580
2021-10-04,Norway,657,0,5367580
2021-10-03,Norway,256,0,5367580
2021-10-02,Norway,300,0,5367580
2021-10-01,Norway,488,0,5367580
2021-09-30,Norway,498,0,5367580
2021-09-29,Norway,583,10,5367580
2021-09-28,Norway,609,1,5367580
2021-09-27,Norway,750,0,5367580
2021-09-26,Norway,386,0,5367580
2021-09-25,Norway,404,0,5367580
2021-09-24,Norway,650,0,5367580
2021-09-23,Norway,760,0,5367580
2021-09-22,Norway,725,9,5367580
2021-09-21,Norway,702,0,5367580
2021-09-20,Norway,988,0,5367580
2021-09-19,Norway,481,0,5367580
2021-09-18,Norway,510,0,5367580
2021-09-17,Norway,684,0,5367580
2021-09-16,Norway,810,0,5367580
2021-09-15,Norway,921,12,5367580
2021-09-14,Norway,1012,2,5367580
2021-09-13,Norway,1313,0,5367580
2021-09-12,Norway,778,0,5367580
2021-09-11,Norway,665,0,5367580
2021-09-10,Norway,1183,0,5367580
2021-09-09,Norway,1326,1,5367580
2021-09-08,Norway,1382,3,5367580
2021-09-07,Norway,1438,1,5367580
2021-09-06,Norway,1784,0,5367580
2021-09-05,Norway,954,0,5367580
2021-09-04,Norway,992,0,5367580
2021-09-03,Norway,1545,0,5367580
2021-09-02,Norway,1523,0,5367580
2021-09-01,Norway,1613,8,5367580
2021-08-31,Norway,1624,0,5367580
2021-08-30,Norway,1856,0,5367580
2021-08-29,Norway,956,0,5367580
2021-08-28,Norway,1000,0,5367580
2021-08-27,Norway,1435,0,5367580
2021-08-26,Norway,1394,3,5367580
2021-08-25,Norway,1414,0,5367580
2021-08-24,Norway,1336,0,5367580
2021-08-23,Norway,1179,0,5367580
2021-08-22,Norway,554,0,5367580
2021-08-21,Norway,592,0,5367580
2021-08-20,Norway,741,0,5367580
2021-08-19,Norway,669,0,5367580
2021-08-18,Norway,689,1,5367580
2021-08-17,Norway,637,1,5367580
2021-08-16,Norway,625,1,5367580
2021-08-15,Norway,376,0,5367580
2021-08-14,Norway,434,0,5367580
2021-08-13,Norway,546,1,5367580
2021-08-12,Norway,539,0,5367580
2021-08-11,Norway,609,2,5367580
2021-08-10,Norway,576,1,5367580
2021-08-09,Norway,669,0,5367580
2021-08-08,Norway,331,0,5367580
2021-08-07,Norway,322,0,5367580
2021-08-06,Norway,478,0,5367580
2021-08-05,Norway,463,0,5367580
2021-08-04,Norway,502,5,5367580
2021-08-03,Norway,446,0,5367580
2021-08-02,Norway,455,0,5367580
2021-08-01,Norway,242,0,5367580
2021-07-31,Norway,250,0,5367580
2021-07-30,Norway,354,0,5367580
2021-07-29,Norway,346,0,5367580
2021-07-28,Norway,422,0,5367580
2021-07-27,Norway,349,0,5367580
2021-07-26,Norway,315,0,5367580
2021-07-25,Norway,199,0,5367580
2021-07-24,Norway,175,0,5367580
2021-07-23,Norway,251,0,5367580
2021-07-22,Norway,215,0,5367580
2021-07-21,Norway,261,3,5367580
2021-07-20,Norway,173,0,5367580
2021-07-19,Norway,229,0,5367580
2021-07-18,Norway,144,0,5367580
2021-07-17,Norway,111,0,5367580
2021-07-16,Norway,226,0,5367580
2021-07-15,Norway,187,0,5367580
2021-07-14,Norway,183,0,5367580
2021-07-13,Norway,146,0,5367580
2021-07-12,Norway,187,0,5367580
2021-07-11,Norway,101,0,5367580
2021-07-10,Norway,108,0,5367580
2021-07-09,Norway,175,0,5367580
2021-07-08,Norway,183,0,5367580
2021-07-07,Norway,204,2,5367580
2021-07-06,Norway,200,0,5367580
2021-07-05,Norway,207,0,5367580
2021-07-04,Norway,123,0,5367580
2021-07-03,Norway,99,0,5367580
2021-07-02,Norway,186,0,5367580
2021-07-01,Norway,197,0,5367580
2021-06-30,Norway,261,2,5367580
2021-06-29,Norway,213,0,5367580
2021-06-28,Norway,226,0,5367580
2021-06-27,Norway,106,0,5367580
2021-06-26,Norway,106,0,5367580
2021-06-25,Norway,175,0,5367580
2021-06-24,Norway,174,0,5367580
2021-06-23,Norway,239,2,5367580
2021-06-22,Norway,266,0,5367580
2021-06-21,Norway,205,0,5367580
2021-06-20,Norway,115,0,5367580
2021-06-19,Norway,153,0,5367580
2021-06-18,Norway,171,0,5367580
2021-06-17,Norway,197,0,5367580
2021-06-16,Norway,215,1,5367580
2021-06-15,Norway,195,0,5367580
2021-06-14,Norway,208,0,5367580
2021-06-13,Norway,111,0,5367580
2021-06-12,Norway,129,0,5367580
2021-06-11,Norway,155,0,5367580
2021-06-10,Norway,202,0,5367580
2021-06-09,Norway,207,4,5367580
2021-06-08,Norway,213,1,5367580
2021-06-07,Norway,203,-1,5367580
2021-06-06,Norway,151,0,5367580
2021-06-05,Norway,145,0,5367580
2021-06-04,Norway,262,0,5367580
2021-06-03,Norway,282,0,5367580
2021-06-02,Norway,293,2,5367580
2021-06-01,Norway,387,0,5367580
2021-05-31,Norway,344,0,5367580
2021-05-30,Norway,185,0,5367580
2021-05-29,Norway,199,0,5367580
2021-05-28,Norway,347,0,5367580
2021-05-27,Norway,384,0,5367580
2021-05-26,Norway,363,1,5367580
2021-05-25,Norway,428,0,5367580
2021-05-24,Norway,383,1,5367580
2021-05-23,Norway,338,0,5367580
2021-05-22,Norway,352,0,5367580
2021-05-21,Norway,668,0,5367580
2021-05-20,Norway,603,0,5367580
2021-05-19,Norway,541,7,5367580
2021-05-18,Norway,542,0,5367580
2021-05-17,Norway,183,0,5367580
2021-05-16,Norway,280,0,5367580
2021-05-15,Norway,240,0,5367580
2021-05-14,Norway,415,0,5367580
2021-05-13,Norway,298,0,5367580
2021-05-12,Norway,380,6,5367580
2021-05-11,Norway,427,1,5367580
2021-05-10,Norway,524,0,5367580
2021-05-09,Norway,352,0,5367580
2021-05-08,Norway,352,0,5367580
2021-05-07,Norway,438,0,5367580
2021-05-06,Norway,509,0,5367580
2021-05-05,Norway,495,10,5367580
2021-05-04,Norway,463,0,5367580
2021-05-03,Norway,511,1,5367580
2021-05-02,Norway,296,0,5367580
2021-05-01,Norway,251,0,5367580
2021-04-30,Norway,441,2,5367580
2021-04-29,Norway,414,1,5367580
2021-04-28,Norway,419,16,5367580
2021-04-27,Norway,481,0,5367580
2021-04-26,Norway,502,1,5367580
2021-04-25,Norway,317,0,5367580
2021-04-24,Norway,287,0,5367580
2021-04-23,Norway,510,1,5367580
2021-04-22,Norway,463,1,5367580
2021-04-21,Norway,538,25,5367580
2021-04-20,Norway,532,0,5367580
2021-04-19,Norway,575,1,5367580
2021-04-18,Norway,346,0,5367580
2021-04-17,Norway,331,0,5367580
2021-04-16,Norway,579,1,5367580
2021-04-15,Norway,549,1,5367580
2021-04-14,Norway,601,18,5367580
2021-04-13,Norway,595,1,5367580
2021-04-12,Norway,738,3,5367580
2021-04-11,Norway,396,0,5367580
2021-04-10,Norway,496,0,5367580
2021-04-09,Norway,712,0,5367580
2021-04-08,Norway,770,1,5367580
2021-04-07,Norway,848,6,5367580
2021-04-06,Norway,888,1,5367580
2021-04-05,Norway,715,3,5367580
2021-04-04,Norway,653,0,5367580
2021-04-03,Norway,612,0,5367580
2021-04-02,Norway,699,0,5367580
2021-04-01,Norway,624,0,5367580
2021-03-31,Norway,806,12,5367580
2021-03-30,Norway,849,1,5367580
2021-03-29,Norway,865,4,5367580
2021-03-28,Norway,477,0,5367580
2021-03-27,Norway,602,0,5367580
2021-03-26,Norway,895,0,5367580
2021-03-25,Norway,871,0,5367580
2021-03-24,Norway,1001,7,5367580
2021-03-23,Norway,967,0,5367580
2021-03-22,Norway,1107,1,5367580
2021-03-21,Norway,649,0,5367580
2021-03-20,Norway,709,0,5367580
2021-03-19,Norway,1001,0,5367580
2021-03-18,Norway,1044,0,5367580
2021-03-17,Norway,1058,7,5367580
2021-03-16,Norway,1007,1,5367580
2021-03-15,Norway,1107,1,5367580
2021-03-14,Norway,698,0,5367580
2021-03-13,Norway,737,0,5367580
2021-03-12,Norway,950,0,5367580
2021-03-11,Norway,780,1,5367580
2021-03-10,Norway,856,6,5367580
2021-03-09,Norway,798,0,5367580
2021-03-08,Norway,846,0,5367580
2021-03-07,Norway,572,0,5367580
2021-03-06,Norway,465,0,5367580
2021-03-05,Norway,703,0,5367580
2021-03-04,Norway,601,0,5367580
2021-03-03,Norway,658,9,5367580
2021-03-02,Norway,639,0,5367580
2021-03-01,Norway,552,1,5367580
2021-02-28,Norway,392,0,5367580
2021-02-27,Norway,381,0,5367580
2021-02-26,Norway,493,2,5367580
2021-02-25,Norway,527,0,5367580
2021-02-24,Norway,461,12,5367580
2021-02-23,Norway,445,0,5367580
2021-02-22,Norway,411,1,5367580
2021-02-21,Norway,221,0,5367580
2021-02-20,Norway,216,0,5367580
2021-02-19,Norway,338,0,5367580
2021-02-18,Norway,302,0,5367580
2021-02-17,Norway,320,14,5367580
2021-02-16,Norway,305,0,5367580
2021-02-15,Norway,332,1,5367580
2021-02-14,Norway,160,0,5367580
2021-02-13,Norway,185,0,5367580
2021-02-12,Norway,247,0,5367580
2021-02-11,Norway,262,0,5367580
2021-02-10,Norway,310,9,5367580
2021-02-09,Norway,270,1,5367580
2021-02-08,Norway,301,0,5367580
2021-02-07,Norway,167,0,5367580
2021-02-06,Norway,198,0,5367580
2021-02-05,Norway,288,0,5367580
2021-02-04,Norway,253,8,5367580
2021-02-03,Norway,325,6,5367580
2021-02-02,Norway,294,1,5367580
2021-02-01,Norway,319,10,5367580
2021-01-31,Norway,183,0,5367580
2021-01-30,Norway,175,0,5367580
2021-01-29,Norway,295,0,5367580
2021-01-28,Norway,285,1,5367580
2021-01-27,Norway,344,6,5367580
2021-01-26,Norway,276,2,5367580
2021-01-25,Norway,387,4,5367580
2021-01-24,Norway,189,0,5367580
2021-01-23,Norway,212,0,5367580
2021-01-22,Norway,331,0,5367580
2021-01-21,Norway,346,1,5367580
2021-01-20,Norway,355,18,5367580
2021-01-19,Norway,342,4,5367580
2021-01-18,Norway,446,4,5367580
2021-01-17,Norway,226,0,5367580
2021-01-16,Norway,267,0,5367580
2021-01-15,Norway,398,6,5367580
2021-01-14,Norway,454,2,5367580
2021-01-13,Norway,462,27,5367580
2021-01-12,Norway,563,4,5367580
2021-01-11,Norway,639,7,5367580
2021-01-10,Norway,435,0,5367580
2021-01-09,Norway,414,0,5367580
2021-01-08,Norway,651,4,5367580
2021-01-07,Norway,739,1,5367580
2021-01-06,Norway,710,14,5367580
2021-01-05,Norway,795,3,5367580
2021-01-04,Norway,938,13,5367580
2021-01-03,Norway,447,0,5367580
2021-01-02,Norway,526,0,5367580
2021-01-01,Norway,346,0,5367580
2020-12-31,Norway,434,0,5367580
2020-12-30,Norway,639,3,5367580
2020-12-29,Norway,699,4,5367580
2020-12-28,Norway,778,8,5367580
2020-12-27,Norway,425,0,5367580
2020-12-26,Norway,466,0,5367580
2020-12-25,Norway,293,0,5367580
2020-12-24,Norway,292,0,5367580
2020-12-23,Norway,587,16,5367580
2020-12-22,Norway,560,0,5367580
2020-12-21,Norway,621,1,5367580
2020-12-20,Norway,299,0,5367580
2020-12-19,Norway,309,0,5367580
2020-12-18,Norway,475,0,5367580
2020-12-17,Norway,431,2,5367580
2020-12-16,Norway,450,7,5367580
2020-12-15,Norway,440,2,5367580
2020-12-14,Norway,544,6,5367580
2020-12-13,Norway,285,0,5367580
2020-12-12,Norway,256,0,5367580
2020-12-11,Norway,403,5,5367580
2020-12-10,Norway,435,21,5367580
2020-12-09,Norway,453,0,5367580
2020-12-08,Norway,392,2,5367580
2020-12-07,Norway,500,5,5367580
2020-12-06,Norway,262,0,5367580
2020-12-05,Norway,252,0,5367580
2020-12-04,Norway,382,1,5367580
2020-12-03,Norway,400,2,5367580
2020-12-02,Norway,420,17,5367580
2020-12-01,Norway,362,2,5367580
2020-11-30,Norway,448,4,5367580
2020-11-29,Norway,228,0,5367580
2020-11-28,Norway,236,0,5367580
2020-11-27,Norway,447,12,5367580
2020-11-26,Norway,477,0,5367580
2020-11-25,Norway,513,2,5367580
2020-11-24,Norway,415,3,5367580
2020-11-23,Norway,610,5,5367580
2020-11-22,Norway,279,0,5367580
2020-11-21,Norway,288,0,5367580
2020-11-20,Norway,519,1,5367580
2020-11-19,Norway,564,6,5367580
2020-11-18,Norway,652,1,5367580
2020-11-17,Norway,635,4,5367580
2020-11-16,Norway,722,0,5367580
2020-11-15,Norway,405,0,5367580
2020-11-14,Norway,379,0,5367580
2020-11-13,Norway,697,3,5367580
2020-11-12,Norway,637,6,5367580
2020-11-11,Norway,662,0,5367580
2020-11-10,Norway,603,0,5367580
2020-11-09,Norway,707,1,5367580
2020-11-08,Norway,385,0,5367580
2020-11-07,Norway,388,0,5367580
2020-11-06,Norway,650,0,5367580
2020-11-05,Norway,602,2,5367580
2020-11-04,Norway,690,0,5367580
2020-11-03,Norway,683,0,5367580
2020-11-02,Norway,647,0,5367580
2020-11-01,Norway,323,0,5367580
2020-10-31,Norway,385,0,5367580
2020-10-30,Norway,617,1,5367580
2020-10-29,Norway,431,1,5367580
2020-10-28,Norway,515,0,5367580
2020-10-27,Norway,391,1,5367580
2020-10-26,Norway,487,0,5367580
2020-10-25,Norway,202,0,5367580
2020-10-24,Norway,231,0,5367580
2020-10-23,Norway,368,0,5367580
2020-10-22,Norway,285,0,5367580
2020-10-21,Norway,221,1,5367580
2020-10-20,Norway,183,0,5367580
2020-10-19,Norway,219,0,5367580
2020-10-18,Norway,93,0,5367580
2020-10-17,Norway,88,0,5367580
2020-10-16,Norway,137,0,5367580
2020-10-15,Norway,141,1,5367580
2020-10-14,Norway,162,0,5367580
2020-10-13,Norway,155,1,5367580
2020-10-12,Norway,167,1,5367580
2020-10-11,Norway,78,0,5367580
2020-10-10,Norway,65,0,5367580
2020-10-09,Norway,141,0,5367580
2020-10-08,Norway,168,0,5367580
2020-10-07,Norway,199,0,5367580
2020-10-06,Norway,198,0,5367580
2020-10-05,Norway,209,0,5367580
2020-10-04,Norway,89,0,5367580
2020-10-03,Norway,110,0,5367580
2020-10-02,Norway,134,1,5367580
2020-10-01,Norway,131,0,5367580
2020-09-30,Norway,120,0,5367580
2020-09-29,Norway,110,0,5367580
2020-09-28,Norway,124,4,5367580
2020-09-27,Norway,54,0,5367580
2020-09-26,Norway,63,0,5367580
2020-09-25,Norway,130,0,5367580
2020-09-24,Norway,133,3,5367580
2020-09-23,Norway,143,0,5367580
2020-09-22,Norway,101,0,5367580
2020-09-21,Norway,163,0,5367580
2020-09-20,Norway,77,0,5367580
2020-09-19,Norway,58,0,5367580
2020-09-18,Norway,94,1,5367580
2020-09-17,Norway,117,1,5367580
2020-09-16,Norway,137,0,5367580
2020-09-15,Norway,133,0,5367580
2020-09-14,Norway,104,0,5367580
2020-09-13,Norway,78,0,5367580
2020-09-12,Norway,67,0,5367580
2020-09-11,Norway,119,0,5367580
2020-09-10,Norway,132,1,5367580
2020-09-09,Norway,124,0,5367580
2020-09-08,Norway,113,0,5367580
2020-09-07,Norway,132,0,5367580
2020-09-06,Norway,60,0,5367580
2020-09-05,Norway,73,0,5367580
2020-09-04,Norway,119,0,5367580
2020-09-03,Norway,125,0,5367580
2020-09-02,Norway,101,0,5367580
2020-09-01,Norway,115,0,5367580
2020-08-31,Norway,148,0,5367580
2020-08-30,Norway,50,0,5367580
2020-08-29,Norway,42,0,5367580
2020-08-28,Norway,84,0,5367580
2020-08-27,Norway,52,0,5367580
2020-08-26,Norway,40,0,5367580
2020-08-25,Norway,42,0,5367580
2020-08-24,Norway,67,0,5367580
2020-08-23,Norway,19,0,5367580
2020-08-22,Norway,45,0,5367580
2020-08-21,Norway,53,0,5367580
2020-08-20,Norway,51,2,5367580
2020-08-19,Norway,60,0,5367580
2020-08-18,Norway,58,1,5367580
2020-08-17,Norway,74,0,5367580
2020-08-16,Norway,27,0,5367580
2020-08-15,Norway,44,0,5367580
2020-08-14,Norway,76,4,5367580
2020-08-13,Norway,54,1,5367580
2020-08-12,Norway,63,0,5367580
2020-08-11,Norway,43,0,5367580
2020-08-10,Norway,63,0,5367580
2020-08-09,Norway,34,0,5367580
2020-08-08,Norway,35,0,5367580
2020-08-07,Norway,80,0,5367580
2020-08-06,Norway,79,0,5367580
2020-08-05,Norway,66,0,5367580
2020-08-04,Norway,40,0,5367580
2020-08-03,Norway,38,1,5367580
2020-08-02,Norway,13,0,5367580
2020-08-01,Norway,14,0,5367580
2020-07-31,Norway,72,0,5367580
2020-07-30,Norway,23,0,5367580
2020-07-29,Norway,37,0,5367580
2020-07-28,Norway,16,0,5367580
2020-07-27,Norway,24,0,5367580
2020-07-26,Norway,9,0,5367580
2020-07-25,Norway,6,0,5367580
2020-07-24,Norway,24,0,5367580
2020-07-23,Norway,6,0,5367580
2020-07-22,Norway,22,0,5367580
2020-07-21,Norway,6,0,5367580
2020-07-20,Norway,21,0,5367580
2020-07-19,Norway,3,0,5367580
2020-07-18,Norway,1,0,5367580
2020-07-17,Norway,12,1,5367580
2020-07-16,Norway,4,1,5367580
2020-07-15,Norway,6,0,5367580
2020-07-14,Norway,8,0,5367580
2020-07-13,Norway,19,1,5367580
2020-07-12,Norway,5,0,5367580
2020-07-11,Norway,4,0,5367580
2020-07-10,Norway,13,3,5367580
2020-07-09,Norway,8,0,5367580
2020-07-08,Norway,11,0,5367580
2020-07-07,Norway,10,0,5367580
2020-07-06,Norway,14,0,5367580
2020-07-05,Norway,1,0,5367580
2020-07-04,Norway,2,0,5367580
2020-07-03,Norway,10,0,5367580
2020-07-02,Norway,9,0,5367580
2020-07-01,Norway,8,0,5367580
2020-06-30,Norway,11,0,5367580
2020-06-29,Norway,26,0,5367580
2020-06-28,Norway,1,0,5367580
2020-06-27,Norway,10,0,5367580
2020-06-26,Norway,22,0,5367580
2020-06-25,Norway,17,0,5367580
2020-06-24,Norway,21,1,5367580
2020-06-23,Norway,13,0,5367580
2020-06-22,Norway,28,4,5367580
2020-06-21,Norway,4,0,5367580
2020-06-20,Norway,6,0,5367580
2020-06-19,Norway,18,0,5367580
2020-06-18,Norway,13,1,5367580
2020-06-17,Norway,15,1,5367580
2020-06-16,Norway,36,0,5367580
2020-06-15,Norway,18,0,5367580
2020-06-14,Norway,6,0,5367580
2020-06-13,Norway,7,0,5367580
2020-06-12,Norway,13,0,5367580
2020-06-11,Norway,11,3,5367580
2020-06-10,Norway,14,0,5367580
2020-06-09,Norway,13,0,5367580
2020-06-08,Norway,19,1,5367580
2020-06-07,Norway,9,0,5367580
2020-06-06,Norway,8,0,5367580
2020-06-05,Norway,30,0,5367580
2020-06-04,Norway,17,1,5367580
2020-06-03,Norway,12,0,5367580
2020-06-02,Norway,31,1,5367580
2020-06-01,Norway,7,0,5367580
2020-05-31,Norway,6,0,5367580
2020-05-30,Norway,0,0,5367580
2020-05-29,Norway,16,0,5367580
2020-05-28,Norway,16,1,5367580
2020-05-27,Norway,18,0,5367580
2020-05-26,Norway,12,0,5367580
2020-05-25,Norway,18,0,5367580
2020-05-24,Norway,6,0,5367580
2020-05-23,Norway,6,1,5367580
2020-05-22,Norway,26,0,5367580
2020-05-21,Norway,14,1,5367580
2020-05-20,Norway,19,0,5367580
2020-05-19,Norway,20,1,5367580
2020-05-18,Norway,17,0,5367580
2020-05-17,Norway,4,0,5367580
2020-05-16,Norway,13,0,5367580
2020-05-15,Norway,23,3,5367580
2020-05-14,Norway,24,1,5367580
2020-05-13,Norway,19,4,5367580
2020-05-12,Norway,19,7,5367580
2020-05-11,Norway,25,4,5367580
2020-05-10,Norway,12,0,5367580
2020-05-09,Norway,11,4,5367580
2020-05-08,Norway,42,0,5367580
2020-05-07,Norway,29,0,5367580
2020-05-06,Norway,39,1,5367580
2020-05-05,Norway,44,0,5367580
2020-05-04,Norway,45,4,5367580
2020-05-03,Norway,44,0,5367580
2020-05-02,Norway,23,0,5367580
2020-05-01,Norway,43,2,5367580
2020-04-30,Norway,39,7,5367580
2020-04-29,Norway,39,2,5367580
2020-04-28,Norway,50,0,5367580
2020-04-27,Norway,71,0,5367580
2020-04-26,Norway,37,2,5367580
2020-04-25,Norway,25,11,5367580
2020-04-24,Norway,53,11,5367580
2020-04-23,Norway,69,6,5367580
2020-04-22,Norway,77,9,5367580
2020-04-21,Norway,78,0,5367580
2020-04-20,Norway,84,6,5367580
2020-04-19,Norway,36,12,5367580
2020-04-18,Norway,49,0,5367580
2020-04-17,Norway,108,6,5367580
2020-04-16,Norway,80,3,5367580
2020-04-15,Norway,103,13,5367580
2020-04-14,Norway,122,11,5367580
2020-04-13,Norway,77,5,5367580
2020-04-12,Norway,76,6,5367580
2020-04-11,Norway,110,4,5367580
2020-04-10,Norway,68,8,5367580
2020-04-09,Norway,103,11,5367580
2020-04-08,Norway,106,10,5367580
2020-04-07,Norway,140,1,5367580
2020-04-06,Norway,159,8,5367580
2020-04-05,Norway,72,6,5367580
2020-04-04,Norway,88,2,5367580
2020-04-03,Norway,164,10,5367580
2020-04-02,Norway,198,4,5367580
2020-04-01,Norway,198,2,5367580
2020-03-31,Norway,208,4,5367580
2020-03-30,Norway,264,2,5367580
2020-03-29,Norway,106,4,5367580
2020-03-28,Norway,166,2,5367580
2020-03-27,Norway,262,2,5367580
2020-03-26,Norway,298,2,5367580
2020-03-25,Norway,292,2,5367580
2020-03-24,Norway,313,1,5367580
2020-03-23,Norway,296,0,5367580
2020-03-22,Norway,148,0,5367580
2020-03-21,Norway,174,1,5367580
2020-03-20,Norway,308,3,5367580
2020-03-19,Norway,239,0,5367580
2020-03-18,Norway,213,0,5367580
2020-03-17,Norway,176,2,5367580
2020-03-16,Norway,180,0,5367580
2020-03-15,Norway,99,0,5367580
2020-03-14,Norway,100,0,5367580
2020-03-13,Norway,147,1,5367580
2020-03-12,Norway,206,,5367580
2020-03-11,Norway,175,,5367580
2020-03-10,Norway,241,,5367580
2020-03-09,Norway,247,,5367580
2020-03-08,Norway,65,,5367580
2020-03-07,Norway,19,,5367580
2020-03-06,Norway,24,,5367580
2020-03-05,Norway,33,,5367580
2020-03-04,Norway,33,,5367580
2020-03-03,Norway,31,,5367580
2020-03-02,Norway,12,,5367580
2020-03-01,Norway,10,,5367580
2020-02-29,Norway,6,,5367580
2020-02-28,Norway,9,,5367580
2020-02-27,Norway,2,,5367580
2020-02-26,Norway,3,,5367580
2020-02-25,Norway,0,,5367580
2020-02-24,Norway,0,,5367580
2020-02-23,Norway,0,,5367580
2020-02-22,Norway,0,,5367580
2020-02-21,Norway,1,,5367580
2020-02-20,Norway,0,,5367580
2020-02-19,Norway,0,,5367580
2020-02-18,Norway,1,,5367580
2022-06-08,Sweden,466,0,10327589
2022-06-07,Sweden,408,0,10327589
2022-06-06,Sweden,102,0,10327589
2022-06-05,Sweden,67,0,10327589
2022-06-04,Sweden,146,0,10327589
2022-06-03,Sweden,167,0,10327589
2022-06-02,Sweden,231,6,10327589
2022-06-01,Sweden,251,1,10327589
2022-05-31,Sweden,217,6,10327589
2022-05-30,Sweden,181,3,10327589
2022-05-29,Sweden,64,4,10327589
2022-05-28,Sweden,120,4,10327589
2022-05-27,Sweden,144,2,10327589
2022-05-26,Sweden,143,2,10327589
2022-05-25,Sweden,308,5,10327589
2022-05-24,Sweden,308,6,10327589
2022-05-23,Sweden,231,1,10327589
2022-05-22,Sweden,74,5,10327589
2022-05-21,Sweden,113,8,10327589
2022-05-20,Sweden,231,8,10327589
2022-05-19,Sweden,413,4,10327589
2022-05-18,Sweden,476,2,10327589
2022-05-17,Sweden,296,7,10327589
2022-05-16,Sweden,215,6,10327589
2022-05-15,Sweden,87,10,10327589
2022-05-14,Sweden,100,6,10327589
2022-05-13,Sweden,228,8,10327589
2022-05-12,Sweden,307,3,10327589
2022-05-11,Sweden,369,7,10327589
2022-05-10,Sweden,366,5,10327589
2022-05-09,Sweden,200,3,10327589
2022-05-08,Sweden,70,10,10327589
2022-05-07,Sweden,173,10,10327589
2022-05-06,Sweden,281,5,10327589
2022-05-05,Sweden,315,8,10327589
2022-05-04,Sweden,382,6,10327589
2022-05-03,Sweden,455,10,10327589
2022-05-02,Sweden,264,2,10327589
2022-05-01,Sweden,101,8,10327589
2022-04-30,Sweden,177,9,10327589
2022-04-29,Sweden,402,5,10327589
2022-04-28,Sweden,372,10,10327589
2022-04-27,Sweden,428,4,10327589
2022-04-26,Sweden,453,9,10327589
2022-04-25,Sweden,387,6,10327589
2022-04-24,Sweden,78,8,10327589
2022-04-23,Sweden,213,14,10327589
2022-04-22,Sweden,413,9,10327589
2022-04-21,Sweden,545,10,10327589
2022-04-20,Sweden,667,11,10327589
2022-04-19,Sweden,465,6,10327589
2022-04-18,Sweden,145,11,10327589
2022-04-17,Sweden,118,13,10327589
2022-04-16,Sweden,138,7,10327589
2022-04-15,Sweden,311,7,10327589
2022-04-14,Sweden,528,8,10327589
2022-04-13,Sweden,686,13,10327589
2022-04-12,Sweden,740,12,10327589
2022-04-11,Sweden,553,11,10327589
2022-04-10,Sweden,192,18,10327589
2022-04-09,Sweden,354,16,10327589
2022-04-08,Sweden,627,16,10327589
2022-04-07,Sweden,862,13,10327589
2022-04-06,Sweden,815,14,10327589
2022-04-05,Sweden,1035,19,10327589
2022-04-04,Sweden,206,24,10327589
2022-04-03,Sweden,184,19,10327589
2022-04-02,Sweden,327,14,10327589
2022-04-01,Sweden,756,15,10327589
2022-03-31,Sweden,796,17,10327589
2022-03-30,Sweden,1071,25,10327589
2022-03-29,Sweden,1103,14,10327589
2022-03-28,Sweden,715,17,10327589
2022-03-27,Sweden,249,15,10327589
2022-03-26,Sweden,508,23,10327589
2022-03-25,Sweden,1151,22,10327589
2022-03-24,Sweden,1335,30,10327589
2022-03-23,Sweden,1262,23,10327589
2022-03-22,Sweden,1613,29,10327589
2022-03-21,Sweden,922,14,10327589
2022-03-20,Sweden,342,21,10327589
2022-03-19,Sweden,620,23,10327589
2022-03-18,Sweden,1301,24,10327589
2022-03-17,Sweden,1863,33,10327589
2022-03-16,Sweden,1785,29,10327589
2022-03-15,Sweden,1711,30,10327589
2022-03-14,Sweden,880,35,10327589
2022-03-13,Sweden,405,33,10327589
2022-03-12,Sweden,818,27,10327589
2022-03-11,Sweden,1513,33,10327589
2022-03-10,Sweden,1623,30,10327589
2022-03-09,Sweden,2102,20,10327589
2022-03-08,Sweden,2219,31,10327589
2022-03-07,Sweden,1430,30,10327589
2022-03-06,Sweden,326,36,10327589
2022-03-05,Sweden,1267,34,10327589
2022-03-04,Sweden,1892,41,10327589
2022-03-03,Sweden,2086,42,10327589
2022-03-02,Sweden,2446,41,10327589
2022-03-01,Sweden,3075,34,10327589
2022-02-28,Sweden,1456,45,10327589
2022-02-27,Sweden,1089,34,10327589
2022-02-26,Sweden,1483,53,10327589
2022-02-25,Sweden,2752,48,10327589
2022-02-24,Sweden,3510,45,10327589
2022-02-23,Sweden,3095,38,10327589
2022-02-22,Sweden,3438,47,10327589
2022-02-21,Sweden,2293,54,10327589
2022-02-20,Sweden,1084,37,10327589
2022-02-19,Sweden,1968,47,10327589
2022-02-18,Sweden,3419,46,10327589
2022-02-17,Sweden,4215,57,10327589
2022-02-16,Sweden,4044,56,10327589
2022-02-15,Sweden,4884,53,10327589
2022-02-14,Sweden,2546,65,10327589
2022-02-13,Sweden,1175,48,10327589
2022-02-12,Sweden,2817,32,10327589
2022-02-11,Sweden,5829,48,10327589
2022-02-10,Sweden,7421,46,10327589
2022-02-09,Sweden,15839,38,10327589
2022-02-08,Sweden,19604,57,10327589
2022-02-07,Sweden,9653,59,10327589
2022-02-06,Sweden,10068,50,10327589
2022-02-05,Sweden,19986,56,10327589
2022-02-04,Sweden,25699,51,10327589
2022-02-03,Sweden,28293,58,10327589
2022-02-02,Sweden,35946,46,10327589
2022-02-01,Sweden,40929,54,10327589
2022-01-31,Sweden,24796,42,10327589
2022-01-30,Sweden,15066,41,10327589
2022-01-29,Sweden,34327,45,10327589
2022-01-28,Sweden,39515,52,10327589
2022-01-27,Sweden,53881,34,10327589
2022-01-26,Sweden,41677,50,10327589
2022-01-25,Sweden,46669,39,10327589
2022-01-24,Sweden,33908,40,10327589
2022-01-23,Sweden,30982,35,10327589
2022-01-22,Sweden,37704,35,10327589
2022-01-21,Sweden,39807,42,10327589
2022-01-20,Sweden,43715,31,10327589
2022-01-19,Sweden,40620,33,10327589
2022-01-18,Sweden,39300,32,10327589
2022-01-17,Sweden,24196,35,10327589
2022-01-16,Sweden,22075,36,10327589
2022-01-15,Sweden,25788,23,10327589
2022-01-14,Sweden,26185,30,10327589
2022-01-13,Sweden,26072,20,10327589
2022-01-12,Sweden,26564,21,10327589
2022-01-11,Sweden,22923,30,10327589
2022-01-10,Sweden,15075,11,10327589
2022-01-09,Sweden,16510,17,10327589
2022-01-08,Sweden,19499,22,10327589
2022-01-07,Sweden,19920,16,10327589
2022-01-06,Sweden,17707,20,10327589
2022-01-05,Sweden,24083,17,10327589
2022-01-04,Sweden,17578,18,10327589
2022-01-03,Sweden,9979,20,10327589
2022-01-02,Sweden,5727,12,10327589
2022-01-01,Sweden,5271,11,10327589
2021-12-31,Sweden,10599,8,10327589
2021-12-30,Sweden,11462,10,10327589
2021-12-29,Sweden,10926,7,10327589
2021-12-28,Sweden,9231,11,10327589
2021-12-27,Sweden,6125,11,10327589
2021-12-26,Sweden,1791,4,10327589
2021-12-25,Sweden,2364,8,10327589
2021-12-24,Sweden,5815,8,10327589
2021-12-23,Sweden,5127,7,10327589
2021-12-22,Sweden,5106,4,10327589
2021-12-21,Sweden,4668,6,10327589
2021-12-20,Sweden,3036,7,10327589
2021-12-19,Sweden,2019,6,10327589
2021-12-18,Sweden,3388,12,10327589
2021-12-17,Sweden,4179,7,10327589
2021-12-16,Sweden,4116,10,10327589
2021-12-15,Sweden,4008,5,10327589
2021-12-14,Sweden,4063,3,10327589
2021-12-13,Sweden,2712,6,10327589
2021-12-12,Sweden,1475,3,10327589
2021-12-11,Sweden,2395,8,10327589
2021-12-10,Sweden,2865,3,10327589
2021-12-09,Sweden,3072,6,10327589
2021-12-08,Sweden,3255,5,10327589
2021-12-07,Sweden,3333,8,10327589
2021-12-06,Sweden,2254,5,10327589
2021-12-05,Sweden,927,6,10327589
2021-12-04,Sweden,2084,4,10327589
2021-12-03,Sweden,2154,2,10327589
2021-12-02,Sweden,2208,4,10327589
2021-12-01,Sweden,2424,2,10327589
2021-11-30,Sweden,2657,5,10327589
2021-11-29,Sweden,1347,6,10327589
2021-11-28,Sweden,880,2,10327589
2021-11-27,Sweden,1759,2,10327589
2021-11-26,Sweden,2025,2,10327589
2021-11-25,Sweden,2114,0,10327589
2021-11-24,Sweden,2107,2,10327589
2021-11-23,Sweden,2077,4,10327589
2021-11-22,Sweden,953,3,10327589
2021-11-21,Sweden,482,3,10327589
2021-11-20,Sweden,1092,2,10327589
2021-11-19,Sweden,1314,6,10327589
2021-11-18,Sweden,1130,4,10327589
2021-11-17,Sweden,1205,4,10327589
2021-11-16,Sweden,1296,5,10327589
2021-11-15,Sweden,574,6,10327589
2021-11-14,Sweden,311,3,10327589
2021-11-13,Sweden,829,2,10327589
2021-11-12,Sweden,911,6,10327589
2021-11-11,Sweden,925,8,10327589
2021-11-10,Sweden,1020,2,10327589
2021-11-09,Sweden,1321,8,10327589
2021-11-08,Sweden,502,2,10327589
2021-11-07,Sweden,278,3,10327589
2021-11-06,Sweden,597,7,10327589
2021-11-05,Sweden,731,4,10327589
2021-11-04,Sweden,826,2,10327589
2021-11-03,Sweden,837,10,10327589
2021-11-02,Sweden,1162,5,10327589
2021-11-01,Sweden,629,2,10327589
2021-10-31,Sweden,301,4,10327589
2021-10-30,Sweden,861,2,10327589
2021-10-29,Sweden,977,4,10327589
2021-10-28,Sweden,1079,6,10327589
2021-10-27,Sweden,891,4,10327589
2021-10-26,Sweden,1262,4,10327589
2021-10-25,Sweden,539,6,10327589
2021-10-24,Sweden,319,1,10327589
2021-10-23,Sweden,525,3,10327589
2021-10-22,Sweden,891,3,10327589
2021-10-21,Sweden,777,4,10327589
2021-10-20,Sweden,786,3,10327589
2021-10-19,Sweden,818,3,10327589
2021-10-18,Sweden,1078,6,10327589
2021-10-17,Sweden,0,5,10327589
2021-10-16,Sweden,14,6,10327589
2021-10-15,Sweden,565,1,10327589
2021-10-14,Sweden,668,4,10327589
2021-10-13,Sweden,796,7,10327589
2021-10-12,Sweden,905,4,10327589
2021-10-11,Sweden,1121,5,10327589
2021-10-10,Sweden,9,5,10327589
2021-10-09,Sweden,16,6,10327589
2021-10-08,Sweden,599,8,10327589
2021-10-07,Sweden,741,8,10327589
2021-10-06,Sweden,842,11,10327589
2021-10-05,Sweden,738,6,10327589
2021-10-04,Sweden,1192,5,10327589
2021-10-03,Sweden,0,9,10327589
2021-10-02,Sweden,2,6,10327589
2021-10-01,Sweden,698,5,10327589
2021-09-30,Sweden,766,5,10327589
2021-09-29,Sweden,852,7,10327589
2021-09-28,Sweden,845,4,10327589
2021-09-27,Sweden,1068,3,10327589
2021-09-26,Sweden,6,6,10327589
2021-09-25,Sweden,1,4,10327589
2021-09-24,Sweden,715,6,10327589
2021-09-23,Sweden,771,6,10327589
2021-09-22,Sweden,743,10,10327589
2021-09-21,Sweden,891,7,10327589
2021-09-20,Sweden,1178,4,10327589
2021-09-19,Sweden,0,6,10327589
2021-09-18,Sweden,1,3,10327589
2021-09-17,Sweden,829,7,10327589
2021-09-16,Sweden,994,12,10327589
2021-09-15,Sweden,1184,8,10327589
2021-09-14,Sweden,1114,7,10327589
2021-09-13,Sweden,2137,8,10327589
2021-09-12,Sweden,0,8,10327589
2021-09-11,Sweden,2,4,10327589
2021-09-10,Sweden,1515,11,10327589
2021-09-09,Sweden,1479,8,10327589
2021-09-08,Sweden,1395,10,10327589
2021-09-07,Sweden,1399,4,10327589
2021-09-06,Sweden,2178,4,10327589
2021-09-05,Sweden,10,6,10327589
2021-09-04,Sweden,1,3,10327589
2021-09-03,Sweden,1323,3,10327589
2021-09-02,Sweden,1425,6,10327589
2021-09-01,Sweden,1103,2,10327589
2021-08-31,Sweden,1022,2,10327589
2021-08-30,Sweden,2353,3,10327589
2021-08-29,Sweden,5,5,10327589
2021-08-28,Sweden,3,1,10327589
2021-08-27,Sweden,915,0,10327589
2021-08-26,Sweden,1269,1,10327589
2021-08-25,Sweden,1515,3,10327589
2021-08-24,Sweden,1270,5,10327589
2021-08-23,Sweden,1708,5,10327589
2021-08-22,Sweden,3,2,10327589
2021-08-21,Sweden,1,1,10327589
2021-08-20,Sweden,1045,2,10327589
2021-08-19,Sweden,1028,2,10327589
2021-08-18,Sweden,1275,1,10327589
2021-08-17,Sweden,1330,3,10327589
2021-08-16,Sweden,1781,0,10327589
2021-08-15,Sweden,10,1,10327589
2021-08-14,Sweden,8,1,10327589
2021-08-13,Sweden,1016,2,10327589
2021-08-12,Sweden,1040,2,10327589
2021-08-11,Sweden,1057,0,10327589
2021-08-10,Sweden,1201,1,10327589
2021-08-09,Sweden,1485,0,10327589
2021-08-08,Sweden,3,2,10327589
2021-08-07,Sweden,6,0,10327589
2021-08-06,Sweden,818,3,10327589
2021-08-05,Sweden,819,2,10327589
2021-08-04,Sweden,852,0,10327589
2021-08-03,Sweden,960,0,10327589
2021-08-02,Sweden,1151,0,10327589
2021-08-01,Sweden,1,0,10327589
2021-07-31,Sweden,4,0,10327589
2021-07-30,Sweden,685,1,10327589
2021-07-29,Sweden,621,2,10327589
2021-07-28,Sweden,656,1,10327589
2021-07-27,Sweden,654,0,10327589
2021-07-26,Sweden,839,0,10327589
2021-07-25,Sweden,2,0,10327589
2021-07-24,Sweden,11,0,10327589
2021-07-23,Sweden,444,1,10327589
2021-07-22,Sweden,477,1,10327589
2021-07-21,Sweden,582,1,10327589
2021-07-20,Sweden,517,0,10327589
2021-07-19,Sweden,628,0,10327589
2021-07-18,Sweden,6,0,10327589
2021-07-17,Sweden,11,1,10327589
2021-07-16,Sweden,337,0,10327589
2021-07-15,Sweden,366,1,10327589
2021-07-14,Sweden,350,0,10327589
2021-07-13,Sweden,370,0,10327589
2021-07-12,Sweden,443,0,10327589
2021-07-11,Sweden,0,1,10327589
2021-07-10,Sweden,7,0,10327589
2021-07-09,Sweden,228,0,10327589
2021-07-08,Sweden,237,0,10327589
2021-07-07,Sweden,258,0,10327589
2021-07-06,Sweden,369,2,10327589
2021-07-05,Sweden,415,0,10327589
2021-07-04,Sweden,2,0,10327589
2021-07-03,Sweden,3,2,10327589
2021-07-02,Sweden,326,1,10327589
2021-07-01,Sweden,284,1,10327589
2021-06-30,Sweden,560,1,10327589
2021-06-29,Sweden,251,1,10327589
2021-06-28,Sweden,444,2,10327589
2021-06-27,Sweden,8,0,10327589
2021-06-26,Sweden,8,0,10327589
2021-06-25,Sweden,31,2,10327589
2021-06-24,Sweden,373,2,10327589
2021-06-23,Sweden,379,0,10327589
2021-06-22,Sweden,506,3,10327589
2021-06-21,Sweden,678,2,10327589
2021-06-20,Sweden,1,3,10327589
2021-06-19,Sweden,19,2,10327589
2021-06-18,Sweden,601,3,10327589
2021-06-17,Sweden,2190,1,10327589
2021-06-16,Sweden,36,2,10327589
2021-06-15,Sweden,1,2,10327589
2021-06-14,Sweden,0,4,10327589
2021-06-13,Sweden,159,0,10327589
2021-06-12,Sweden,524,2,10327589
2021-06-11,Sweden,484,1,10327589
2021-06-10,Sweden,729,3,10327589
2021-06-09,Sweden,825,7,10327589
2021-06-08,Sweden,1183,4,10327589
2021-06-07,Sweden,490,5,10327589
2021-06-06,Sweden,222,3,10327589
2021-06-05,Sweden,758,3,10327589
2021-06-04,Sweden,989,14,10327589
2021-06-03,Sweden,1080,6,10327589
2021-06-02,Sweden,1364,6,10327589
2021-06-01,Sweden,2783,1,10327589
2021-05-31,Sweden,1898,6,10327589
2021-05-30,Sweden,1948,8,10327589
2021-05-29,Sweden,285,3,10327589
2021-05-28,Sweden,297,8,10327589
2021-05-27,Sweden,92,7,10327589
2021-05-26,Sweden,1418,9,10327589
2021-05-25,Sweden,2739,8,10327589
2021-05-24,Sweden,1195,4,10327589
2021-05-23,Sweden,620,11,10327589
2021-05-22,Sweden,1909,10,10327589
2021-05-21,Sweden,2317,12,10327589
2021-05-20,Sweden,3166,12,10327589
2021-05-19,Sweden,3410,7,10327589
2021-05-18,Sweden,4642,9,10327589
2021-05-17,Sweden,2106,9,10327589
2021-05-16,Sweden,1408,13,10327589
2021-05-15,Sweden,3969,12,10327589
2021-05-14,Sweden,2579,24,10327589
2021-05-13,Sweden,3918,19,10327589
2021-05-12,Sweden,5269,11,10327589
2021-05-11,Sweden,6311,10,10327589
2021-05-10,Sweden,2460,22,10327589
2021-05-09,Sweden,1657,16,10327589
2021-05-08,Sweden,4476,19,10327589
2021-05-07,Sweden,5244,13,10327589
2021-05-06,Sweden,5716,10,10327589
2021-05-05,Sweden,6482,17,10327589
2021-05-04,Sweden,7035,13,10327589
2021-05-03,Sweden,3068,19,10327589
2021-05-02,Sweden,1718,12,10327589
2021-05-01,Sweden,4753,12,10327589
2021-04-30,Sweden,5424,17,10327589
2021-04-29,Sweden,5931,19,10327589
2021-04-28,Sweden,7144,21,10327589
2021-04-27,Sweden,7267,23,10327589
2021-04-26,Sweden,3069,11,10327589
2021-04-25,Sweden,1756,20,10327589
2021-04-24,Sweden,4568,13,10327589
2021-04-23,Sweden,5501,17,10327589
2021-04-22,Sweden,6248,16,10327589
2021-04-21,Sweden,7706,24,10327589
2021-04-20,Sweden,7538,26,10327589
2021-04-19,Sweden,2713,15,10327589
2021-04-18,Sweden,2514,16,10327589
2021-04-17,Sweden,4983,20,10327589
2021-04-16,Sweden,6440,15,10327589
2021-04-15,Sweden,7665,25,10327589
2021-04-14,Sweden,7093,28,10327589
2021-04-13,Sweden,8870,21,10327589
2021-04-12,Sweden,3471,16,10327589
2021-04-11,Sweden,2390,17,10327589
2021-04-10,Sweden,5626,11,10327589
2021-04-09,Sweden,7626,24,10327589
2021-04-08,Sweden,7760,22,10327589
2021-04-07,Sweden,7824,22,10327589
2021-04-06,Sweden,6813,13,10327589
2021-04-05,Sweden,3103,24,10327589
2021-04-04,Sweden,1449,14,10327589
2021-04-03,Sweden,3403,18,10327589
2021-04-02,Sweden,6836,22,10327589
2021-04-01,Sweden,6976,25,10327589
2021-03-31,Sweden,8290,24,10327589
2021-03-30,Sweden,8468,16,10327589
2021-03-29,Sweden,2962,23,10327589
2021-03-28,Sweden,1980,17,10327589
2021-03-27,Sweden,5196,19,10327589
2021-03-26,Sweden,6294,22,10327589
2021-03-25,Sweden,6365,22,10327589
2021-03-24,Sweden,7706,16,10327589
2021-03-23,Sweden,7652,14,10327589
2021-03-22,Sweden,2687,16,10327589
2021-03-21,Sweden,1579,18,10327589
2021-03-20,Sweden,4380,25,10327589
2021-03-19,Sweden,5406,11,10327589
2021-03-18,Sweden,5736,18,10327589
2021-03-17,Sweden,6431,19,10327589
2021-03-16,Sweden,6786,15,10327589
2021-03-15,Sweden,2714,21,10327589
2021-03-14,Sweden,1040,22,10327589
2021-03-13,Sweden,3953,19,10327589
2021-03-12,Sweden,4994,19,10327589
2021-03-11,Sweden,5332,16,10327589
2021-03-10,Sweden,5326,21,10327589
2021-03-09,Sweden,5928,20,10327589
2021-03-08,Sweden,1982,24,10327589
2021-03-07,Sweden,1451,17,10327589
2021-03-06,Sweden,3452,12,10327589
2021-03-05,Sweden,4069,15,10327589
2021-03-04,Sweden,4883,19,10327589
2021-03-03,Sweden,4869,19,10327589
2021-03-02,Sweden,6189,23,10327589
2021-03-01,Sweden,2826,24,10327589
2021-02-28,Sweden,1242,25,10327589
2021-02-27,Sweden,3107,19,10327589
2021-02-26,Sweden,4583,18,10327589
2021-02-25,Sweden,4830,20,10327589
2021-02-24,Sweden,4977,26,10327589
2021-02-23,Sweden,5404,13,10327589
2021-02-22,Sweden,2538,25,10327589
2021-02-21,Sweden,1599,21,10327589
2021-02-20,Sweden,2781,29,10327589
2021-02-19,Sweden,4028,25,10327589
2021-02-18,Sweden,4134,18,10327589
2021-02-17,Sweden,4965,34,10327589
2021-02-16,Sweden,4205,22,10327589
2021-02-15,Sweden,1901,23,10327589
2021-02-14,Sweden,1211,28,10327589
2021-02-13,Sweden,2771,25,10327589
2021-02-12,Sweden,3569,28,10327589
2021-02-11,Sweden,3804,33,10327589
2021-02-10,Sweden,4353,27,10327589
2021-02-09,Sweden,4069,25,10327589
2021-02-08,Sweden,1505,39,10327589
2021-02-07,Sweden,1013,29,10327589
2021-02-06,Sweden,2332,33,10327589
2021-02-05,Sweden,3260,36,10327589
2021-02-04,Sweden,3396,30,10327589
2021-02-03,Sweden,3737,52,10327589
2021-02-02,Sweden,4315,43,10327589
2021-02-01,Sweden,1551,46,10327589
2021-01-31,Sweden,1164,39,10327589
2021-01-30,Sweden,2695,57,10327589
2021-01-29,Sweden,4252,58,10327589
2021-01-28,Sweden,2368,55,10327589
2021-01-27,Sweden,4105,54,10327589
2021-01-26,Sweden,4186,67,10327589
2021-01-25,Sweden,1884,59,10327589
2021-01-24,Sweden,1147,51,10327589
2021-01-23,Sweden,2368,64,10327589
2021-01-22,Sweden,3722,59,10327589
2021-01-21,Sweden,4196,88,10327589
2021-01-20,Sweden,4946,87,10327589
2021-01-19,Sweden,4732,92,10327589
2021-01-18,Sweden,2111,72,10327589
2021-01-17,Sweden,1250,61,10327589
2021-01-16,Sweden,2160,83,10327589
2021-01-15,Sweden,4205,90,10327589
2021-01-14,Sweden,4743,95,10327589
2021-01-13,Sweden,6595,91,10327589
2021-01-12,Sweden,5334,89,10327589
2021-01-11,Sweden,4648,89,10327589
2021-01-10,Sweden,2317,92,10327589
2021-01-09,Sweden,4735,89,10327589
2021-01-08,Sweden,5690,99,10327589
2021-01-07,Sweden,7148,103,10327589
2021-01-06,Sweden,5028,82,10327589
2021-01-05,Sweden,7546,93,10327589
2021-01-04,Sweden,6982,86,10327589
2021-01-03,Sweden,2754,83,10327589
2021-01-02,Sweden,2530,99,10327589
2021-01-01,Sweden,2618,87,10327589
2020-12-31,Sweden,6999,110,10327589
2020-12-30,Sweden,10459,90,10327589
2020-12-29,Sweden,8872,73,10327589
2020-12-28,Sweden,7091,121,10327589
2020-12-27,Sweden,3208,99,10327589
2020-12-26,Sweden,2966,94,10327589
2020-12-25,Sweden,2793,106,10327589
2020-12-24,Sweden,5036,88,10327589
2020-12-23,Sweden,11376,87,10327589
2020-12-22,Sweden,6595,93,10327589
2020-12-21,Sweden,5160,76,10327589
2020-12-20,Sweden,3752,94,10327589
2020-12-19,Sweden,5509,80,10327589
2020-12-18,Sweden,7917,71,10327589
2020-12-17,Sweden,9640,116,10327589
2020-12-16,Sweden,8824,102,10327589
2020-12-15,Sweden,7001,88,10327589
2020-12-14,Sweden,3534,94,10327589
2020-12-13,Sweden,3057,71,10327589
2020-12-12,Sweden,6538,68,10327589
2020-12-11,Sweden,7717,89,10327589
2020-12-10,Sweden,6693,86,10327589
2020-12-09,Sweden,8398,74,10327589
2020-12-08,Sweden,7446,54,10327589
2020-12-07,Sweden,3782,58,10327589
2020-12-06,Sweden,1803,81,10327589
2020-12-05,Sweden,4864,43,10327589
2020-12-04,Sweden,7338,70,10327589
2020-12-03,Sweden,6986,77,10327589
2020-12-02,Sweden,6547,71,10327589
2020-12-01,Sweden,5819,67,10327589
2020-11-30,Sweden,3480,67,10327589
2020-11-29,Sweden,2753,50,10327589
2020-11-28,Sweden,3825,50,10327589
2020-11-27,Sweden,6462,65,10327589
2020-11-26,Sweden,6903,60,10327589
2020-11-25,Sweden,6066,69,10327589
2020-11-24,Sweden,5674,68,10327589
2020-11-23,Sweden,3877,55,10327589
2020-11-22,Sweden,2422,59,10327589
2020-11-21,Sweden,4492,51,10327589
2020-11-20,Sweden,5458,45,10327589
2020-11-19,Sweden,7609,46,10327589
2020-11-18,Sweden,4961,50,10327589
2020-11-17,Sweden,4458,44,10327589
2020-11-16,Sweden,2544,37,10327589
2020-11-15,Sweden,1581,39,10327589
2020-11-14,Sweden,3513,38,10327589
2020-11-13,Sweden,6730,33,10327589
2020-11-12,Sweden,5564,28,10327589
2020-11-11,Sweden,5709,27,10327589
2020-11-10,Sweden,4497,35,10327589
2020-11-09,Sweden,3725,35,10327589
2020-11-08,Sweden,2097,22,10327589
2020-11-07,Sweden,4451,27,10327589
2020-11-06,Sweden,4454,25,10327589
2020-11-05,Sweden,4744,22,10327589
2020-11-04,Sweden,4482,21,10327589
2020-11-03,Sweden,3608,20,10327589
2020-11-02,Sweden,1569,20,10327589
2020-11-01,Sweden,1297,22,10327589
2020-10-31,Sweden,2987,13,10327589
2020-10-30,Sweden,4056,9,10327589
2020-10-29,Sweden,3262,9,10327589
2020-10-28,Sweden,3389,9,10327589
2020-10-27,Sweden,2414,9,10327589
2020-10-26,Sweden,1069,11,10327589
2020-10-25,Sweden,514,8,10327589
2020-10-24,Sweden,1477,8,10327589
2020-10-23,Sweden,1867,7,10327589
2020-10-22,Sweden,1666,9,10327589
2020-10-21,Sweden,1571,3,10327589
2020-10-20,Sweden,1289,4,10327589
2020-10-19,Sweden,771,4,10327589
2020-10-18,Sweden,321,1,10327589
2020-10-17,Sweden,697,4,10327589
2020-10-16,Sweden,1179,2,10327589
2020-10-15,Sweden,902,3,10327589
2020-10-14,Sweden,968,2,10327589
2020-10-13,Sweden,916,1,10327589
2020-10-12,Sweden,637,3,10327589
2020-10-11,Sweden,161,2,10327589
2020-10-10,Sweden,509,5,10327589
2020-10-09,Sweden,783,5,10327589
2020-10-08,Sweden,834,1,10327589
2020-10-07,Sweden,831,3,10327589
2020-10-06,Sweden,786,4,10327589
2020-10-05,Sweden,374,2,10327589
2020-10-04,Sweden,156,3,10327589
2020-10-03,Sweden,461,3,10327589
2020-10-02,Sweden,712,3,10327589
2020-10-01,Sweden,633,1,10327589
2020-09-30,Sweden,689,4,10327589
2020-09-29,Sweden,613,2,10327589
2020-09-28,Sweden,378,1,10327589
2020-09-27,Sweden,167,1,10327589
2020-09-26,Sweden,325,2,10327589
2020-09-25,Sweden,630,4,10327589
2020-09-24,Sweden,540,1,10327589
2020-09-23,Sweden,553,0,10327589
2020-09-22,Sweden,438,1,10327589
2020-09-21,Sweden,266,2,10327589
2020-09-20,Sweden,133,4,10327589
2020-09-19,Sweden,279,1,10327589
2020-09-18,Sweden,437,1,10327589
2020-09-17,Sweden,389,1,10327589
2020-09-16,Sweden,330,2,10327589
2020-09-15,Sweden,292,1,10327589
2020-09-14,Sweden,220,2,10327589
2020-09-13,Sweden,106,2,10327589
2020-09-12,Sweden,206,1,10327589
2020-09-11,Sweden,291,4,10327589
2020-09-10,Sweden,254,2,10327589
2020-09-09,Sweden,314,2,10327589
2020-09-08,Sweden,236,1,10327589
2020-09-07,Sweden,185,1,10327589
2020-09-06,Sweden,67,3,10327589
2020-09-05,Sweden,171,0,10327589
2020-09-04,Sweden,262,0,10327589
2020-09-03,Sweden,286,2,10327589
2020-09-02,Sweden,213,2,10327589
2020-09-01,Sweden,171,3,10327589
2020-08-31,Sweden,162,2,10327589
2020-08-30,Sweden,48,3,10327589
2020-08-29,Sweden,131,1,10327589
2020-08-28,Sweden,179,1,10327589
2020-08-27,Sweden,202,1,10327589
2020-08-26,Sweden,244,2,10327589
2020-08-25,Sweden,222,1,10327589
2020-08-24,Sweden,174,1,10327589
2020-08-23,Sweden,57,3,10327589
2020-08-22,Sweden,160,1,10327589
2020-08-21,Sweden,298,5,10327589
2020-08-20,Sweden,333,2,10327589
2020-08-19,Sweden,351,1,10327589
2020-08-18,Sweden,314,4,10327589
2020-08-17,Sweden,174,3,10327589
2020-08-16,Sweden,63,0,10327589
2020-08-15,Sweden,226,1,10327589
2020-08-14,Sweden,344,1,10327589
2020-08-13,Sweden,363,5,10327589
2020-08-12,Sweden,443,3,10327589
2020-08-11,Sweden,417,4,10327589
2020-08-10,Sweden,196,2,10327589
2020-08-09,Sweden,73,4,10327589
2020-08-08,Sweden,260,1,10327589
2020-08-07,Sweden,380,2,10327589
2020-08-06,Sweden,378,4,10327589
2020-08-05,Sweden,425,1,10327589
2020-08-04,Sweden,333,2,10327589
2020-08-03,Sweden,165,4,10327589
2020-08-02,Sweden,38,3,10327589
2020-08-01,Sweden,303,2,10327589
2020-07-31,Sweden,258,2,10327589
2020-07-30,Sweden,302,0,10327589
2020-07-29,Sweden,301,1,10327589
2020-07-28,Sweden,283,4,10327589
2020-07-27,Sweden,71,6,10327589
2020-07-26,Sweden,42,2,10327589
2020-07-25,Sweden,138,1,10327589
2020-07-24,Sweden,262,3,10327589
2020-07-23,Sweden,220,5,10327589
2020-07-22,Sweden,297,6,10327589
2020-07-21,Sweden,226,7,10327589
2020-07-20,Sweden,131,6,10327589
2020-07-19,Sweden,110,7,10327589
2020-07-18,Sweden,191,11,10327589
2020-07-17,Sweden,284,7,10327589
2020-07-16,Sweden,268,6,10327589
2020-07-15,Sweden,287,6,10327589
2020-07-14,Sweden,312,8,10327589
2020-07-13,Sweden,170,12,10327589
2020-07-12,Sweden,106,8,10327589
2020-07-11,Sweden,308,10,10327589
2020-07-10,Sweden,369,14,10327589
2020-07-09,Sweden,334,15,10327589
2020-07-08,Sweden,533,10,10327589
2020-07-07,Sweden,278,12,10327589
2020-07-06,Sweden,251,15,10327589
2020-07-05,Sweden,315,9,10327589
2020-07-04,Sweden,364,15,10327589
2020-07-03,Sweden,694,8,10327589
2020-07-02,Sweden,687,15,10327589
2020-07-01,Sweden,685,15,10327589
2020-06-30,Sweden,808,20,10327589
2020-06-29,Sweden,726,16,10327589
2020-06-28,Sweden,415,23,10327589
2020-06-27,Sweden,755,14,10327589
2020-06-26,Sweden,1204,11,10327589
2020-06-25,Sweden,1276,23,10327589
2020-06-24,Sweden,1696,22,10327589
2020-06-23,Sweden,1309,25,10327589
2020-06-22,Sweden,800,20,10327589
2020-06-21,Sweden,321,22,10327589
2020-06-20,Sweden,698,29,10327589
2020-06-19,Sweden,1209,30,10327589
2020-06-18,Sweden,1494,29,10327589
2020-06-17,Sweden,1457,32,10327589
2020-06-16,Sweden,1209,28,10327589
2020-06-15,Sweden,685,30,10327589
2020-06-14,Sweden,418,27,10327589
2020-06-13,Sweden,1032,33,10327589
2020-06-12,Sweden,1329,29,10327589
2020-06-11,Sweden,1293,35,10327589
2020-06-10,Sweden,1437,39,10327589
2020-06-09,Sweden,937,33,10327589
2020-06-08,Sweden,677,38,10327589
2020-06-07,Sweden,462,33,10327589
2020-06-06,Sweden,780,29,10327589
2020-06-05,Sweden,1146,37,10327589
2020-06-04,Sweden,1039,44,10327589
2020-06-03,Sweden,1046,28,10327589
2020-06-02,Sweden,900,36,10327589
2020-06-01,Sweden,648,39,10327589
2020-05-31,Sweden,265,46,10327589
2020-05-30,Sweden,432,38,10327589
2020-05-29,Sweden,773,40,10327589
2020-05-28,Sweden,774,40,10327589
2020-05-27,Sweden,800,38,10327589
2020-05-26,Sweden,746,28,10327589
2020-05-25,Sweden,490,42,10327589
2020-05-24,Sweden,210,44,10327589
2020-05-23,Sweden,403,55,10327589
2020-05-22,Sweden,532,56,10327589
2020-05-21,Sweden,610,53,10327589
2020-05-20,Sweden,808,52,10327589
2020-05-19,Sweden,666,41,10327589
2020-05-18,Sweden,430,59,10327589
2020-05-17,Sweden,259,52,10327589
2020-05-16,Sweden,358,48,10327589
2020-05-15,Sweden,688,58,10327589
2020-05-14,Sweden,657,46,10327589
2020-05-13,Sweden,698,50,10327589
2020-05-12,Sweden,754,61,10327589
2020-05-11,Sweden,455,65,10327589
2020-05-10,Sweden,279,73,10327589
2020-05-09,Sweden,509,68,10327589
2020-05-08,Sweden,701,60,10327589
2020-05-07,Sweden,785,80,10327589
2020-05-06,Sweden,745,73,10327589
2020-05-05,Sweden,657,72,10327589
2020-05-04,Sweden,477,83,10327589
2020-05-03,Sweden,261,75,10327589
2020-05-02,Sweden,299,72,10327589
2020-05-01,Sweden,532,78,10327589
2020-04-30,Sweden,636,78,10327589
2020-04-29,Sweden,799,83,10327589
2020-04-28,Sweden,742,83,10327589
2020-04-27,Sweden,563,74,10327589
2020-04-26,Sweden,300,74,10327589
2020-04-25,Sweden,473,73,10327589
2020-04-24,Sweden,781,89,10327589
2020-04-23,Sweden,758,86,10327589
2020-04-22,Sweden,723,77,10327589
2020-04-21,Sweden,707,62,10327589
2020-04-20,Sweden,461,85,10327589
2020-04-19,Sweden,388,87,10327589
2020-04-18,Sweden,532,86,10327589
2020-04-17,Sweden,689,83,10327589
2020-04-16,Sweden,623,111,10327589
2020-04-15,Sweden,604,115,10327589
2020-04-14,Sweden,479,91,10327589
2020-04-13,Sweden,437,84,10327589
2020-04-12,Sweden,464,97,10327589
2020-04-11,Sweden,395,102,10327589
2020-04-10,Sweden,454,90,10327589
2020-04-09,Sweden,645,86,10327589
2020-04-08,Sweden,654,115,10327589
2020-04-07,Sweden,739,84,10327589
2020-04-06,Sweden,389,90,10327589
2020-04-05,Sweden,340,85,10327589
2020-04-04,Sweden,357,70,10327589
2020-04-03,Sweden,602,80,10327589
2020-04-02,Sweden,554,70,10327589
2020-04-01,Sweden,486,53,10327589
2020-03-31,Sweden,474,48,10327589
2020-03-30,Sweden,416,45,10327589
2020-03-29,Sweden,280,38,10327589
2020-03-28,Sweden,300,35,10327589
2020-03-27,Sweden,365,32,10327589
2020-03-26,Sweden,286,31,10327589
2020-03-25,Sweden,314,22,10327589
2020-03-24,Sweden,230,21,10327589
2020-03-23,Sweden,182,11,10327589
2020-03-22,Sweden,118,11,10327589
2020-03-21,Sweden,136,8,10327589
2020-03-20,Sweden,180,9,10327589
2020-03-19,Sweden,143,7,10327589
2020-03-18,Sweden,145,6,10327589
2020-03-17,Sweden,119,1,10327589
2020-03-16,Sweden,83,2,10327589
2020-03-15,Sweden,69,2,10327589
2020-03-14,Sweden,71,1,10327589
2020-03-13,Sweden,152,1,10327589
2020-03-12,Sweden,151,0,10327589
2020-03-11,Sweden,196,1,10327589
2020-03-10,Sweden,98,0,10327589
2020-03-09,Sweden,101,0,10327589
2020-03-08,Sweden,46,0,10327589
2020-03-07,Sweden,33,0,10327589
2020-03-06,Sweden,59,0,10327589
2020-03-05,Sweden,25,0,10327589
2020-03-04,Sweden,30,0,10327589
2020-03-03,Sweden,13,0,10327589
2020-03-02,Sweden,5,0,10327589
2020-03-01,Sweden,0,0,10327589
2020-02-29,Sweden,3,0,10327589
2020-02-28,Sweden,8,0,10327589
2020-02-27,Sweden,1,0,10327589
2020-02-26,Sweden,1,0,10327589
2020-02-25,Sweden,0,0,10327589
2020-02-24,Sweden,0,0,10327589
2020-02-23,Sweden,0,0,10327589
2020-02-22,Sweden,0,0,10327589
2020-02-21,Sweden,0,0,10327589
2020-02-20,Sweden,0,0,10327589
2020-02-19,Sweden,0,0,10327589
2020-02-18,Sweden,0,0,10327589
2020-02-17,Sweden,0,0,10327589
2020-02-16,Sweden,0,0,10327589
2020-02-15,Sweden,0,0,10327589
2020-02-14,Sweden,0,0,10327589
2020-02-13,Sweden,0,0,10327589
2020-02-12,Sweden,0,0,10327589
2020-02-11,Sweden,0,0,10327589
2020-02-10,Sweden,0,0,10327589
2020-02-09,Sweden,0,0,10327589
2020-02-08,Sweden,0,0,10327589
2020-02-07,Sweden,0,0,10327589
2020-02-06,Sweden,0,0,10327589
2020-02-05,Sweden,0,0,10327589
2020-02-04,Sweden,1,0,10327589
